"Instruction/Approximation","No approximation"
,"Section 0"
"-All instructions-", 0
"-All|U-", 0
"-All|S-", 0
"-All|HS-", 0
"-All|M-", 0
"add|U", 0
"add|S", 0
"add|HS", 0
"add|M", 0
"addi|U", 0
"addi|S", 0
"addi|HS", 0
"addi|M", 0
"addiw|U", 0
"addiw|S", 0
"addiw|HS", 0
"addiw|M", 0
"addw|U", 0
"addw|S", 0
"addw|HS", 0
"addw|M", 0
"and|U", 0
"and|S", 0
"and|HS", 0
"and|M", 0
"andi|U", 0
"andi|S", 0
"andi|HS", 0
"andi|M", 0
"auipc|U", 0
"auipc|S", 0
"auipc|HS", 0
"auipc|M", 0
"beq|U", 0
"beq|S", 0
"beq|HS", 0
"beq|M", 0
"bge|U", 0
"bge|S", 0
"bge|HS", 0
"bge|M", 0
"bgeu|U", 0
"bgeu|S", 0
"bgeu|HS", 0
"bgeu|M", 0
"blt|U", 0
"blt|S", 0
"blt|HS", 0
"blt|M", 0
"bltu|U", 0
"bltu|S", 0
"bltu|HS", 0
"bltu|M", 0
"bne|U", 0
"bne|S", 0
"bne|HS", 0
"bne|M", 0
"jal|U", 0
"jal|S", 0
"jal|HS", 0
"jal|M", 0
"jalr|U", 0
"jalr|S", 0
"jalr|HS", 0
"jalr|M", 0
"lb|U", 0
"lb|S", 0
"lb|HS", 0
"lb|M", 0
"lbu|U", 0
"lbu|S", 0
"lbu|HS", 0
"lbu|M", 0
"ld|U", 0
"ld|S", 0
"ld|HS", 0
"ld|M", 0
"lh|U", 0
"lh|S", 0
"lh|HS", 0
"lh|M", 0
"lhu|U", 0
"lhu|S", 0
"lhu|HS", 0
"lhu|M", 0
"lui|U", 0
"lui|S", 0
"lui|HS", 0
"lui|M", 0
"lw|U", 0
"lw|S", 0
"lw|HS", 0
"lw|M", 0
"lwu|U", 0
"lwu|S", 0
"lwu|HS", 0
"lwu|M", 0
"or|U", 0
"or|S", 0
"or|HS", 0
"or|M", 0
"ori|U", 0
"ori|S", 0
"ori|HS", 0
"ori|M", 0
"sb|U", 0
"sb|S", 0
"sb|HS", 0
"sb|M", 0
"sd|U", 0
"sd|S", 0
"sd|HS", 0
"sd|M", 0
"sh|U", 0
"sh|S", 0
"sh|HS", 0
"sh|M", 0
"sll|U", 0
"sll|S", 0
"sll|HS", 0
"sll|M", 0
"slli|U", 0
"slli|S", 0
"slli|HS", 0
"slli|M", 0
"slliw|U", 0
"slliw|S", 0
"slliw|HS", 0
"slliw|M", 0
"sllw|U", 0
"sllw|S", 0
"sllw|HS", 0
"sllw|M", 0
"slt|U", 0
"slt|S", 0
"slt|HS", 0
"slt|M", 0
"slti|U", 0
"slti|S", 0
"slti|HS", 0
"slti|M", 0
"sltiu|U", 0
"sltiu|S", 0
"sltiu|HS", 0
"sltiu|M", 0
"sltu|U", 0
"sltu|S", 0
"sltu|HS", 0
"sltu|M", 0
"sra|U", 0
"sra|S", 0
"sra|HS", 0
"sra|M", 0
"srai|U", 0
"srai|S", 0
"srai|HS", 0
"srai|M", 0
"sraiw|U", 0
"sraiw|S", 0
"sraiw|HS", 0
"sraiw|M", 0
"sraw|U", 0
"sraw|S", 0
"sraw|HS", 0
"sraw|M", 0
"srl|U", 0
"srl|S", 0
"srl|HS", 0
"srl|M", 0
"srli|U", 0
"srli|S", 0
"srli|HS", 0
"srli|M", 0
"srliw|U", 0
"srliw|S", 0
"srliw|HS", 0
"srliw|M", 0
"srlw|U", 0
"srlw|S", 0
"srlw|HS", 0
"srlw|M", 0
"sub|U", 0
"sub|S", 0
"sub|HS", 0
"sub|M", 0
"subw|U", 0
"subw|S", 0
"subw|HS", 0
"subw|M", 0
"sw|U", 0
"sw|S", 0
"sw|HS", 0
"sw|M", 0
"xor|U", 0
"xor|S", 0
"xor|HS", 0
"xor|M", 0
"xori|U", 0
"xori|S", 0
"xori|HS", 0
"xori|M", 0
"fence|U", 0
"fence|S", 0
"fence|HS", 0
"fence|M", 0
"fence_i|U", 0
"fence_i|S", 0
"fence_i|HS", 0
"fence_i|M", 0
"c_add|U", 0
"c_add|S", 0
"c_add|HS", 0
"c_add|M", 0
"c_addi|U", 0
"c_addi|S", 0
"c_addi|HS", 0
"c_addi|M", 0
"c_addi4spn|U", 0
"c_addi4spn|S", 0
"c_addi4spn|HS", 0
"c_addi4spn|M", 0
"c_addw|U", 0
"c_addw|S", 0
"c_addw|HS", 0
"c_addw|M", 0
"c_and|U", 0
"c_and|S", 0
"c_and|HS", 0
"c_and|M", 0
"c_andi|U", 0
"c_andi|S", 0
"c_andi|HS", 0
"c_andi|M", 0
"c_beqz|U", 0
"c_beqz|S", 0
"c_beqz|HS", 0
"c_beqz|M", 0
"c_bnez|U", 0
"c_bnez|S", 0
"c_bnez|HS", 0
"c_bnez|M", 0
"c_ebreak|U", 0
"c_ebreak|S", 0
"c_ebreak|HS", 0
"c_ebreak|M", 0
"c_fld|U", 0
"c_fld|S", 0
"c_fld|HS", 0
"c_fld|M", 0
"c_fldsp|U", 0
"c_fldsp|S", 0
"c_fldsp|HS", 0
"c_fldsp|M", 0
"c_flw|U", 0
"c_flw|S", 0
"c_flw|HS", 0
"c_flw|M", 0
"c_flwsp|U", 0
"c_flwsp|S", 0
"c_flwsp|HS", 0
"c_flwsp|M", 0
"c_fsd|U", 0
"c_fsd|S", 0
"c_fsd|HS", 0
"c_fsd|M", 0
"c_fsdsp|U", 0
"c_fsdsp|S", 0
"c_fsdsp|HS", 0
"c_fsdsp|M", 0
"c_fsw|U", 0
"c_fsw|S", 0
"c_fsw|HS", 0
"c_fsw|M", 0
"c_fswsp|U", 0
"c_fswsp|S", 0
"c_fswsp|HS", 0
"c_fswsp|M", 0
"c_j|U", 0
"c_j|S", 0
"c_j|HS", 0
"c_j|M", 0
"c_jal|U", 0
"c_jal|S", 0
"c_jal|HS", 0
"c_jal|M", 0
"c_jalr|U", 0
"c_jalr|S", 0
"c_jalr|HS", 0
"c_jalr|M", 0
"c_jr|U", 0
"c_jr|S", 0
"c_jr|HS", 0
"c_jr|M", 0
"c_li|U", 0
"c_li|S", 0
"c_li|HS", 0
"c_li|M", 0
"c_lui|U", 0
"c_lui|S", 0
"c_lui|HS", 0
"c_lui|M", 0
"c_ld|U", 0
"c_ld|S", 0
"c_ld|HS", 0
"c_ld|M", 0
"c_ldsp|U", 0
"c_ldsp|S", 0
"c_ldsp|HS", 0
"c_ldsp|M", 0
"c_lw|U", 0
"c_lw|S", 0
"c_lw|HS", 0
"c_lw|M", 0
"c_lwsp|U", 0
"c_lwsp|S", 0
"c_lwsp|HS", 0
"c_lwsp|M", 0
"c_mv|U", 0
"c_mv|S", 0
"c_mv|HS", 0
"c_mv|M", 0
"c_or|U", 0
"c_or|S", 0
"c_or|HS", 0
"c_or|M", 0
"c_slli|U", 0
"c_slli|S", 0
"c_slli|HS", 0
"c_slli|M", 0
"c_srai|U", 0
"c_srai|S", 0
"c_srai|HS", 0
"c_srai|M", 0
"c_srli|U", 0
"c_srli|S", 0
"c_srli|HS", 0
"c_srli|M", 0
"c_sub|U", 0
"c_sub|S", 0
"c_sub|HS", 0
"c_sub|M", 0
"c_subw|U", 0
"c_subw|S", 0
"c_subw|HS", 0
"c_subw|M", 0
"c_sd|U", 0
"c_sd|S", 0
"c_sd|HS", 0
"c_sd|M", 0
"c_sdsp|U", 0
"c_sdsp|S", 0
"c_sdsp|HS", 0
"c_sdsp|M", 0
"c_sw|U", 0
"c_sw|S", 0
"c_sw|HS", 0
"c_sw|M", 0
"c_swsp|U", 0
"c_swsp|S", 0
"c_swsp|HS", 0
"c_swsp|M", 0
"c_xor|U", 0
"c_xor|S", 0
"c_xor|HS", 0
"c_xor|M", 0
"fadd_s|U", 0
"fadd_s|S", 0
"fadd_s|HS", 0
"fadd_s|M", 0
"fclass_s|U", 0
"fclass_s|S", 0
"fclass_s|HS", 0
"fclass_s|M", 0
"fcvt_l_s|U", 0
"fcvt_l_s|S", 0
"fcvt_l_s|HS", 0
"fcvt_l_s|M", 0
"fcvt_lu_s|U", 0
"fcvt_lu_s|S", 0
"fcvt_lu_s|HS", 0
"fcvt_lu_s|M", 0
"fcvt_s_l|U", 0
"fcvt_s_l|S", 0
"fcvt_s_l|HS", 0
"fcvt_s_l|M", 0
"fcvt_s_lu|U", 0
"fcvt_s_lu|S", 0
"fcvt_s_lu|HS", 0
"fcvt_s_lu|M", 0
"fcvt_s_w|U", 0
"fcvt_s_w|S", 0
"fcvt_s_w|HS", 0
"fcvt_s_w|M", 0
"fcvt_s_wu|U", 0
"fcvt_s_wu|S", 0
"fcvt_s_wu|HS", 0
"fcvt_s_wu|M", 0
"fcvt_w_s|U", 0
"fcvt_w_s|S", 0
"fcvt_w_s|HS", 0
"fcvt_w_s|M", 0
"fcvt_wu_s|U", 0
"fcvt_wu_s|S", 0
"fcvt_wu_s|HS", 0
"fcvt_wu_s|M", 0
"fdiv_s|U", 0
"fdiv_s|S", 0
"fdiv_s|HS", 0
"fdiv_s|M", 0
"feq_s|U", 0
"feq_s|S", 0
"feq_s|HS", 0
"feq_s|M", 0
"fle_s|U", 0
"fle_s|S", 0
"fle_s|HS", 0
"fle_s|M", 0
"flt_s|U", 0
"flt_s|S", 0
"flt_s|HS", 0
"flt_s|M", 0
"flw|U", 0
"flw|S", 0
"flw|HS", 0
"flw|M", 0
"fmadd_s|U", 0
"fmadd_s|S", 0
"fmadd_s|HS", 0
"fmadd_s|M", 0
"fmax_s|U", 0
"fmax_s|S", 0
"fmax_s|HS", 0
"fmax_s|M", 0
"fmin_s|U", 0
"fmin_s|S", 0
"fmin_s|HS", 0
"fmin_s|M", 0
"fmsub_s|U", 0
"fmsub_s|S", 0
"fmsub_s|HS", 0
"fmsub_s|M", 0
"fmul_s|U", 0
"fmul_s|S", 0
"fmul_s|HS", 0
"fmul_s|M", 0
"fmv_w_x|U", 0
"fmv_w_x|S", 0
"fmv_w_x|HS", 0
"fmv_w_x|M", 0
"fmv_x_w|U", 0
"fmv_x_w|S", 0
"fmv_x_w|HS", 0
"fmv_x_w|M", 0
"fnmadd_s|U", 0
"fnmadd_s|S", 0
"fnmadd_s|HS", 0
"fnmadd_s|M", 0
"fnmsub_s|U", 0
"fnmsub_s|S", 0
"fnmsub_s|HS", 0
"fnmsub_s|M", 0
"fsgnj_s|U", 0
"fsgnj_s|S", 0
"fsgnj_s|HS", 0
"fsgnj_s|M", 0
"fsgnjn_s|U", 0
"fsgnjn_s|S", 0
"fsgnjn_s|HS", 0
"fsgnjn_s|M", 0
"fsgnjx_s|U", 0
"fsgnjx_s|S", 0
"fsgnjx_s|HS", 0
"fsgnjx_s|M", 0
"fsqrt_s|U", 0
"fsqrt_s|S", 0
"fsqrt_s|HS", 0
"fsqrt_s|M", 0
"fsub_s|U", 0
"fsub_s|S", 0
"fsub_s|HS", 0
"fsub_s|M", 0
"fsw|U", 0
"fsw|S", 0
"fsw|HS", 0
"fsw|M", 0
"fadd_d|U", 0
"fadd_d|S", 0
"fadd_d|HS", 0
"fadd_d|M", 0
"fclass_d|U", 0
"fclass_d|S", 0
"fclass_d|HS", 0
"fclass_d|M", 0
"fcvt_d_l|U", 0
"fcvt_d_l|S", 0
"fcvt_d_l|HS", 0
"fcvt_d_l|M", 0
"fcvt_d_lu|U", 0
"fcvt_d_lu|S", 0
"fcvt_d_lu|HS", 0
"fcvt_d_lu|M", 0
"fcvt_d_q|U", 0
"fcvt_d_q|S", 0
"fcvt_d_q|HS", 0
"fcvt_d_q|M", 0
"fcvt_d_s|U", 0
"fcvt_d_s|S", 0
"fcvt_d_s|HS", 0
"fcvt_d_s|M", 0
"fcvt_d_w|U", 0
"fcvt_d_w|S", 0
"fcvt_d_w|HS", 0
"fcvt_d_w|M", 0
"fcvt_d_wu|U", 0
"fcvt_d_wu|S", 0
"fcvt_d_wu|HS", 0
"fcvt_d_wu|M", 0
"fcvt_l_d|U", 0
"fcvt_l_d|S", 0
"fcvt_l_d|HS", 0
"fcvt_l_d|M", 0
"fcvt_lu_d|U", 0
"fcvt_lu_d|S", 0
"fcvt_lu_d|HS", 0
"fcvt_lu_d|M", 0
"fcvt_s_d|U", 0
"fcvt_s_d|S", 0
"fcvt_s_d|HS", 0
"fcvt_s_d|M", 0
"fcvt_w_d|U", 0
"fcvt_w_d|S", 0
"fcvt_w_d|HS", 0
"fcvt_w_d|M", 0
"fcvt_wu_d|U", 0
"fcvt_wu_d|S", 0
"fcvt_wu_d|HS", 0
"fcvt_wu_d|M", 0
"fdiv_d|U", 0
"fdiv_d|S", 0
"fdiv_d|HS", 0
"fdiv_d|M", 0
"feq_d|U", 0
"feq_d|S", 0
"feq_d|HS", 0
"feq_d|M", 0
"fld|U", 0
"fld|S", 0
"fld|HS", 0
"fld|M", 0
"fle_d|U", 0
"fle_d|S", 0
"fle_d|HS", 0
"fle_d|M", 0
"flt_d|U", 0
"flt_d|S", 0
"flt_d|HS", 0
"flt_d|M", 0
"fmadd_d|U", 0
"fmadd_d|S", 0
"fmadd_d|HS", 0
"fmadd_d|M", 0
"fmax_d|U", 0
"fmax_d|S", 0
"fmax_d|HS", 0
"fmax_d|M", 0
"fmin_d|U", 0
"fmin_d|S", 0
"fmin_d|HS", 0
"fmin_d|M", 0
"fmsub_d|U", 0
"fmsub_d|S", 0
"fmsub_d|HS", 0
"fmsub_d|M", 0
"fmul_d|U", 0
"fmul_d|S", 0
"fmul_d|HS", 0
"fmul_d|M", 0
"fmv_d_x|U", 0
"fmv_d_x|S", 0
"fmv_d_x|HS", 0
"fmv_d_x|M", 0
"fmv_x_d|U", 0
"fmv_x_d|S", 0
"fmv_x_d|HS", 0
"fmv_x_d|M", 0
"fnmadd_d|U", 0
"fnmadd_d|S", 0
"fnmadd_d|HS", 0
"fnmadd_d|M", 0
"fnmsub_d|U", 0
"fnmsub_d|S", 0
"fnmsub_d|HS", 0
"fnmsub_d|M", 0
"fsd|U", 0
"fsd|S", 0
"fsd|HS", 0
"fsd|M", 0
"fsgnj_d|U", 0
"fsgnj_d|S", 0
"fsgnj_d|HS", 0
"fsgnj_d|M", 0
"fsgnjn_d|U", 0
"fsgnjn_d|S", 0
"fsgnjn_d|HS", 0
"fsgnjn_d|M", 0
"fsgnjx_d|U", 0
"fsgnjx_d|S", 0
"fsgnjx_d|HS", 0
"fsgnjx_d|M", 0
"fsqrt_d|U", 0
"fsqrt_d|S", 0
"fsqrt_d|HS", 0
"fsqrt_d|M", 0
"fsub_d|U", 0
"fsub_d|S", 0
"fsub_d|HS", 0
"fsub_d|M", 0
"div|U", 0
"div|S", 0
"div|HS", 0
"div|M", 0
"divu|U", 0
"divu|S", 0
"divu|HS", 0
"divu|M", 0
"divuw|U", 0
"divuw|S", 0
"divuw|HS", 0
"divuw|M", 0
"divw|U", 0
"divw|S", 0
"divw|HS", 0
"divw|M", 0
"mul|U", 0
"mul|S", 0
"mul|HS", 0
"mul|M", 0
"mulh|U", 0
"mulh|S", 0
"mulh|HS", 0
"mulh|M", 0
"mulhsu|U", 0
"mulhsu|S", 0
"mulhsu|HS", 0
"mulhsu|M", 0
"mulhu|U", 0
"mulhu|S", 0
"mulhu|HS", 0
"mulhu|M", 0
"mulw|U", 0
"mulw|S", 0
"mulw|HS", 0
"mulw|M", 0
"rem|U", 0
"rem|S", 0
"rem|HS", 0
"rem|M", 0
"remu|U", 0
"remu|S", 0
"remu|HS", 0
"remu|M", 0
"remuw|U", 0
"remuw|S", 0
"remuw|HS", 0
"remuw|M", 0
"remw|U", 0
"remw|S", 0
"remw|HS", 0
"remw|M", 0
"add_uw|U", 0
"add_uw|S", 0
"add_uw|HS", 0
"add_uw|M", 0
"andn|U", 0
"andn|S", 0
"andn|HS", 0
"andn|M", 0
"sh1add|U", 0
"sh1add|S", 0
"sh1add|HS", 0
"sh1add|M", 0
"sh1add_uw|U", 0
"sh1add_uw|S", 0
"sh1add_uw|HS", 0
"sh1add_uw|M", 0
"sh2add|U", 0
"sh2add|S", 0
"sh2add|HS", 0
"sh2add|M", 0
"sh2add_uw|U", 0
"sh2add_uw|S", 0
"sh2add_uw|HS", 0
"sh2add_uw|M", 0
"sh3add|U", 0
"sh3add|S", 0
"sh3add|HS", 0
"sh3add|M", 0
"sh3add_uw|U", 0
"sh3add_uw|S", 0
"sh3add_uw|HS", 0
"sh3add_uw|M", 0
"clmul|U", 0
"clmul|S", 0
"clmul|HS", 0
"clmul|M", 0
"clmulh|U", 0
"clmulh|S", 0
"clmulh|HS", 0
"clmulh|M", 0
"clmulr|U", 0
"clmulr|S", 0
"clmulr|HS", 0
"clmulr|M", 0
"clz|U", 0
"clz|S", 0
"clz|HS", 0
"clz|M", 0
"clzw|U", 0
"clzw|S", 0
"clzw|HS", 0
"clzw|M", 0
"ctz|U", 0
"ctz|S", 0
"ctz|HS", 0
"ctz|M", 0
"ctzw|U", 0
"ctzw|S", 0
"ctzw|HS", 0
"ctzw|M", 0
"gorci|U", 0
"gorci|S", 0
"gorci|HS", 0
"gorci|M", 0
"grevi|U", 0
"grevi|S", 0
"grevi|HS", 0
"grevi|M", 0
"max|U", 0
"max|S", 0
"max|HS", 0
"max|M", 0
"maxu|U", 0
"maxu|S", 0
"maxu|HS", 0
"maxu|M", 0
"min|U", 0
"min|S", 0
"min|HS", 0
"min|M", 0
"minu|U", 0
"minu|S", 0
"minu|HS", 0
"minu|M", 0
"orn|U", 0
"orn|S", 0
"orn|HS", 0
"orn|M", 0
"pack|U", 0
"pack|S", 0
"pack|HS", 0
"pack|M", 0
"packh|U", 0
"packh|S", 0
"packh|HS", 0
"packh|M", 0
"packw|U", 0
"packw|S", 0
"packw|HS", 0
"packw|M", 0
"cpop|U", 0
"cpop|S", 0
"cpop|HS", 0
"cpop|M", 0
"cpopw|U", 0
"cpopw|S", 0
"cpopw|HS", 0
"cpopw|M", 0
"rol|U", 0
"rol|S", 0
"rol|HS", 0
"rol|M", 0
"rolw|U", 0
"rolw|S", 0
"rolw|HS", 0
"rolw|M", 0
"ror|U", 0
"ror|S", 0
"ror|HS", 0
"ror|M", 0
"rori|U", 0
"rori|S", 0
"rori|HS", 0
"rori|M", 0
"roriw|U", 0
"roriw|S", 0
"roriw|HS", 0
"roriw|M", 0
"rorw|U", 0
"rorw|S", 0
"rorw|HS", 0
"rorw|M", 0
"bclr|U", 0
"bclr|S", 0
"bclr|HS", 0
"bclr|M", 0
"bclri|U", 0
"bclri|S", 0
"bclri|HS", 0
"bclri|M", 0
"bext|U", 0
"bext|S", 0
"bext|HS", 0
"bext|M", 0
"bexti|U", 0
"bexti|S", 0
"bexti|HS", 0
"bexti|M", 0
"binv|U", 0
"binv|S", 0
"binv|HS", 0
"binv|M", 0
"binvi|U", 0
"binvi|S", 0
"binvi|HS", 0
"binvi|M", 0
"bset|U", 0
"bset|S", 0
"bset|HS", 0
"bset|M", 0
"bseti|U", 0
"bseti|S", 0
"bseti|HS", 0
"bseti|M", 0
"sext_b|U", 0
"sext_b|S", 0
"sext_b|HS", 0
"sext_b|M", 0
"sext_h|U", 0
"sext_h|S", 0
"sext_h|HS", 0
"sext_h|M", 0
"shfli|U", 0
"shfli|S", 0
"shfli|HS", 0
"shfli|M", 0
"slli_uw|U", 0
"slli_uw|S", 0
"slli_uw|HS", 0
"slli_uw|M", 0
"unshfli|U", 0
"unshfli|S", 0
"unshfli|HS", 0
"unshfli|M", 0
"xnor|U", 0
"xnor|S", 0
"xnor|HS", 0
"xnor|M", 0
"xperm4|U", 0
"xperm4|S", 0
"xperm4|HS", 0
"xperm4|M", 0
"xperm8|U", 0
"xperm8|S", 0
"xperm8|HS", 0
"xperm8|M", 0
"amoadd_d|U", 0
"amoadd_d|S", 0
"amoadd_d|HS", 0
"amoadd_d|M", 0
"amoadd_w|U", 0
"amoadd_w|S", 0
"amoadd_w|HS", 0
"amoadd_w|M", 0
"amoand_d|U", 0
"amoand_d|S", 0
"amoand_d|HS", 0
"amoand_d|M", 0
"amoand_w|U", 0
"amoand_w|S", 0
"amoand_w|HS", 0
"amoand_w|M", 0
"amomax_d|U", 0
"amomax_d|S", 0
"amomax_d|HS", 0
"amomax_d|M", 0
"amomaxu_d|U", 0
"amomaxu_d|S", 0
"amomaxu_d|HS", 0
"amomaxu_d|M", 0
"amomaxu_w|U", 0
"amomaxu_w|S", 0
"amomaxu_w|HS", 0
"amomaxu_w|M", 0
"amomax_w|U", 0
"amomax_w|S", 0
"amomax_w|HS", 0
"amomax_w|M", 0
"amomin_d|U", 0
"amomin_d|S", 0
"amomin_d|HS", 0
"amomin_d|M", 0
"amominu_d|U", 0
"amominu_d|S", 0
"amominu_d|HS", 0
"amominu_d|M", 0
"amominu_w|U", 0
"amominu_w|S", 0
"amominu_w|HS", 0
"amominu_w|M", 0
"amomin_w|U", 0
"amomin_w|S", 0
"amomin_w|HS", 0
"amomin_w|M", 0
"amoor_d|U", 0
"amoor_d|S", 0
"amoor_d|HS", 0
"amoor_d|M", 0
"amoor_w|U", 0
"amoor_w|S", 0
"amoor_w|HS", 0
"amoor_w|M", 0
"amoswap_d|U", 0
"amoswap_d|S", 0
"amoswap_d|HS", 0
"amoswap_d|M", 0
"amoswap_w|U", 0
"amoswap_w|S", 0
"amoswap_w|HS", 0
"amoswap_w|M", 0
"amoxor_d|U", 0
"amoxor_d|S", 0
"amoxor_d|HS", 0
"amoxor_d|M", 0
"amoxor_w|U", 0
"amoxor_w|S", 0
"amoxor_w|HS", 0
"amoxor_w|M", 0
"lr_d|U", 0
"lr_d|S", 0
"lr_d|HS", 0
"lr_d|M", 0
"lr_w|U", 0
"lr_w|S", 0
"lr_w|HS", 0
"lr_w|M", 0
"sc_d|U", 0
"sc_d|S", 0
"sc_d|HS", 0
"sc_d|M", 0
"sc_w|U", 0
"sc_w|S", 0
"sc_w|HS", 0
"sc_w|M", 0
"vfadd_vf|U", 0
"vfadd_vf|S", 0
"vfadd_vf|HS", 0
"vfadd_vf|M", 0
"vfadd_vv|U", 0
"vfadd_vv|S", 0
"vfadd_vv|HS", 0
"vfadd_vv|M", 0
"vfclass_v|U", 0
"vfclass_v|S", 0
"vfclass_v|HS", 0
"vfclass_v|M", 0
"vfcvt_f_x_v|U", 0
"vfcvt_f_x_v|S", 0
"vfcvt_f_x_v|HS", 0
"vfcvt_f_x_v|M", 0
"vfcvt_f_xu_v|U", 0
"vfcvt_f_xu_v|S", 0
"vfcvt_f_xu_v|HS", 0
"vfcvt_f_xu_v|M", 0
"vfcvt_rtz_x_f_v|U", 0
"vfcvt_rtz_x_f_v|S", 0
"vfcvt_rtz_x_f_v|HS", 0
"vfcvt_rtz_x_f_v|M", 0
"vfcvt_rtz_xu_f_v|U", 0
"vfcvt_rtz_xu_f_v|S", 0
"vfcvt_rtz_xu_f_v|HS", 0
"vfcvt_rtz_xu_f_v|M", 0
"vfcvt_x_f_v|U", 0
"vfcvt_x_f_v|S", 0
"vfcvt_x_f_v|HS", 0
"vfcvt_x_f_v|M", 0
"vfcvt_xu_f_v|U", 0
"vfcvt_xu_f_v|S", 0
"vfcvt_xu_f_v|HS", 0
"vfcvt_xu_f_v|M", 0
"vfdiv_vf|U", 0
"vfdiv_vf|S", 0
"vfdiv_vf|HS", 0
"vfdiv_vf|M", 0
"vfdiv_vv|U", 0
"vfdiv_vv|S", 0
"vfdiv_vv|HS", 0
"vfdiv_vv|M", 0
"vfmacc_vf|U", 0
"vfmacc_vf|S", 0
"vfmacc_vf|HS", 0
"vfmacc_vf|M", 0
"vfmacc_vv|U", 0
"vfmacc_vv|S", 0
"vfmacc_vv|HS", 0
"vfmacc_vv|M", 0
"vfmadd_vf|U", 0
"vfmadd_vf|S", 0
"vfmadd_vf|HS", 0
"vfmadd_vf|M", 0
"vfmadd_vv|U", 0
"vfmadd_vv|S", 0
"vfmadd_vv|HS", 0
"vfmadd_vv|M", 0
"vfmax_vf|U", 0
"vfmax_vf|S", 0
"vfmax_vf|HS", 0
"vfmax_vf|M", 0
"vfmax_vv|U", 0
"vfmax_vv|S", 0
"vfmax_vv|HS", 0
"vfmax_vv|M", 0
"vfmerge_vfm|U", 0
"vfmerge_vfm|S", 0
"vfmerge_vfm|HS", 0
"vfmerge_vfm|M", 0
"vfmin_vf|U", 0
"vfmin_vf|S", 0
"vfmin_vf|HS", 0
"vfmin_vf|M", 0
"vfmin_vv|U", 0
"vfmin_vv|S", 0
"vfmin_vv|HS", 0
"vfmin_vv|M", 0
"vfmsac_vf|U", 0
"vfmsac_vf|S", 0
"vfmsac_vf|HS", 0
"vfmsac_vf|M", 0
"vfmsac_vv|U", 0
"vfmsac_vv|S", 0
"vfmsac_vv|HS", 0
"vfmsac_vv|M", 0
"vfmsub_vf|U", 0
"vfmsub_vf|S", 0
"vfmsub_vf|HS", 0
"vfmsub_vf|M", 0
"vfmsub_vv|U", 0
"vfmsub_vv|S", 0
"vfmsub_vv|HS", 0
"vfmsub_vv|M", 0
"vfmul_vf|U", 0
"vfmul_vf|S", 0
"vfmul_vf|HS", 0
"vfmul_vf|M", 0
"vfmul_vv|U", 0
"vfmul_vv|S", 0
"vfmul_vv|HS", 0
"vfmul_vv|M", 0
"vfmv_f_s|U", 0
"vfmv_f_s|S", 0
"vfmv_f_s|HS", 0
"vfmv_f_s|M", 0
"vfmv_s_f|U", 0
"vfmv_s_f|S", 0
"vfmv_s_f|HS", 0
"vfmv_s_f|M", 0
"vfmv_v_f|U", 0
"vfmv_v_f|S", 0
"vfmv_v_f|HS", 0
"vfmv_v_f|M", 0
"vfncvt_f_f_w|U", 0
"vfncvt_f_f_w|S", 0
"vfncvt_f_f_w|HS", 0
"vfncvt_f_f_w|M", 0
"vfncvt_f_x_w|U", 0
"vfncvt_f_x_w|S", 0
"vfncvt_f_x_w|HS", 0
"vfncvt_f_x_w|M", 0
"vfncvt_f_xu_w|U", 0
"vfncvt_f_xu_w|S", 0
"vfncvt_f_xu_w|HS", 0
"vfncvt_f_xu_w|M", 0
"vfncvt_rod_f_f_w|U", 0
"vfncvt_rod_f_f_w|S", 0
"vfncvt_rod_f_f_w|HS", 0
"vfncvt_rod_f_f_w|M", 0
"vfncvt_rtz_x_f_w|U", 0
"vfncvt_rtz_x_f_w|S", 0
"vfncvt_rtz_x_f_w|HS", 0
"vfncvt_rtz_x_f_w|M", 0
"vfncvt_rtz_xu_f_w|U", 0
"vfncvt_rtz_xu_f_w|S", 0
"vfncvt_rtz_xu_f_w|HS", 0
"vfncvt_rtz_xu_f_w|M", 0
"vfncvt_x_f_w|U", 0
"vfncvt_x_f_w|S", 0
"vfncvt_x_f_w|HS", 0
"vfncvt_x_f_w|M", 0
"vfncvt_xu_f_w|U", 0
"vfncvt_xu_f_w|S", 0
"vfncvt_xu_f_w|HS", 0
"vfncvt_xu_f_w|M", 0
"vfnmacc_vf|U", 0
"vfnmacc_vf|S", 0
"vfnmacc_vf|HS", 0
"vfnmacc_vf|M", 0
"vfnmacc_vv|U", 0
"vfnmacc_vv|S", 0
"vfnmacc_vv|HS", 0
"vfnmacc_vv|M", 0
"vfnmadd_vf|U", 0
"vfnmadd_vf|S", 0
"vfnmadd_vf|HS", 0
"vfnmadd_vf|M", 0
"vfnmadd_vv|U", 0
"vfnmadd_vv|S", 0
"vfnmadd_vv|HS", 0
"vfnmadd_vv|M", 0
"vfnmsac_vf|U", 0
"vfnmsac_vf|S", 0
"vfnmsac_vf|HS", 0
"vfnmsac_vf|M", 0
"vfnmsac_vv|U", 0
"vfnmsac_vv|S", 0
"vfnmsac_vv|HS", 0
"vfnmsac_vv|M", 0
"vfnmsub_vf|U", 0
"vfnmsub_vf|S", 0
"vfnmsub_vf|HS", 0
"vfnmsub_vf|M", 0
"vfnmsub_vv|U", 0
"vfnmsub_vv|S", 0
"vfnmsub_vv|HS", 0
"vfnmsub_vv|M", 0
"vfrdiv_vf|U", 0
"vfrdiv_vf|S", 0
"vfrdiv_vf|HS", 0
"vfrdiv_vf|M", 0
"vfredmax_vs|U", 0
"vfredmax_vs|S", 0
"vfredmax_vs|HS", 0
"vfredmax_vs|M", 0
"vfredmin_vs|U", 0
"vfredmin_vs|S", 0
"vfredmin_vs|HS", 0
"vfredmin_vs|M", 0
"vfredosum_vs|U", 0
"vfredosum_vs|S", 0
"vfredosum_vs|HS", 0
"vfredosum_vs|M", 0
"vfredusum_vs|U", 0
"vfredusum_vs|S", 0
"vfredusum_vs|HS", 0
"vfredusum_vs|M", 0
"vfrec7_v|U", 0
"vfrec7_v|S", 0
"vfrec7_v|HS", 0
"vfrec7_v|M", 0
"vfrsub_vf|U", 0
"vfrsub_vf|S", 0
"vfrsub_vf|HS", 0
"vfrsub_vf|M", 0
"vfrsqrt7_v|U", 0
"vfrsqrt7_v|S", 0
"vfrsqrt7_v|HS", 0
"vfrsqrt7_v|M", 0
"vfsgnj_vf|U", 0
"vfsgnj_vf|S", 0
"vfsgnj_vf|HS", 0
"vfsgnj_vf|M", 0
"vfsgnj_vv|U", 0
"vfsgnj_vv|S", 0
"vfsgnj_vv|HS", 0
"vfsgnj_vv|M", 0
"vfsgnjn_vf|U", 0
"vfsgnjn_vf|S", 0
"vfsgnjn_vf|HS", 0
"vfsgnjn_vf|M", 0
"vfsgnjn_vv|U", 0
"vfsgnjn_vv|S", 0
"vfsgnjn_vv|HS", 0
"vfsgnjn_vv|M", 0
"vfsgnjx_vf|U", 0
"vfsgnjx_vf|S", 0
"vfsgnjx_vf|HS", 0
"vfsgnjx_vf|M", 0
"vfsgnjx_vv|U", 0
"vfsgnjx_vv|S", 0
"vfsgnjx_vv|HS", 0
"vfsgnjx_vv|M", 0
"vfsqrt_v|U", 0
"vfsqrt_v|S", 0
"vfsqrt_v|HS", 0
"vfsqrt_v|M", 0
"vfslide1down_vf|U", 0
"vfslide1down_vf|S", 0
"vfslide1down_vf|HS", 0
"vfslide1down_vf|M", 0
"vfslide1up_vf|U", 0
"vfslide1up_vf|S", 0
"vfslide1up_vf|HS", 0
"vfslide1up_vf|M", 0
"vfsub_vf|U", 0
"vfsub_vf|S", 0
"vfsub_vf|HS", 0
"vfsub_vf|M", 0
"vfsub_vv|U", 0
"vfsub_vv|S", 0
"vfsub_vv|HS", 0
"vfsub_vv|M", 0
"vfwadd_vf|U", 0
"vfwadd_vf|S", 0
"vfwadd_vf|HS", 0
"vfwadd_vf|M", 0
"vfwadd_vv|U", 0
"vfwadd_vv|S", 0
"vfwadd_vv|HS", 0
"vfwadd_vv|M", 0
"vfwadd_wf|U", 0
"vfwadd_wf|S", 0
"vfwadd_wf|HS", 0
"vfwadd_wf|M", 0
"vfwadd_wv|U", 0
"vfwadd_wv|S", 0
"vfwadd_wv|HS", 0
"vfwadd_wv|M", 0
"vfwcvt_f_f_v|U", 0
"vfwcvt_f_f_v|S", 0
"vfwcvt_f_f_v|HS", 0
"vfwcvt_f_f_v|M", 0
"vfwcvt_f_x_v|U", 0
"vfwcvt_f_x_v|S", 0
"vfwcvt_f_x_v|HS", 0
"vfwcvt_f_x_v|M", 0
"vfwcvt_f_xu_v|U", 0
"vfwcvt_f_xu_v|S", 0
"vfwcvt_f_xu_v|HS", 0
"vfwcvt_f_xu_v|M", 0
"vfwcvt_rtz_x_f_v|U", 0
"vfwcvt_rtz_x_f_v|S", 0
"vfwcvt_rtz_x_f_v|HS", 0
"vfwcvt_rtz_x_f_v|M", 0
"vfwcvt_rtz_xu_f_v|U", 0
"vfwcvt_rtz_xu_f_v|S", 0
"vfwcvt_rtz_xu_f_v|HS", 0
"vfwcvt_rtz_xu_f_v|M", 0
"vfwcvt_x_f_v|U", 0
"vfwcvt_x_f_v|S", 0
"vfwcvt_x_f_v|HS", 0
"vfwcvt_x_f_v|M", 0
"vfwcvt_xu_f_v|U", 0
"vfwcvt_xu_f_v|S", 0
"vfwcvt_xu_f_v|HS", 0
"vfwcvt_xu_f_v|M", 0
"vfwmacc_vf|U", 0
"vfwmacc_vf|S", 0
"vfwmacc_vf|HS", 0
"vfwmacc_vf|M", 0
"vfwmacc_vv|U", 0
"vfwmacc_vv|S", 0
"vfwmacc_vv|HS", 0
"vfwmacc_vv|M", 0
"vfwmsac_vf|U", 0
"vfwmsac_vf|S", 0
"vfwmsac_vf|HS", 0
"vfwmsac_vf|M", 0
"vfwmsac_vv|U", 0
"vfwmsac_vv|S", 0
"vfwmsac_vv|HS", 0
"vfwmsac_vv|M", 0
"vfwmul_vf|U", 0
"vfwmul_vf|S", 0
"vfwmul_vf|HS", 0
"vfwmul_vf|M", 0
"vfwmul_vv|U", 0
"vfwmul_vv|S", 0
"vfwmul_vv|HS", 0
"vfwmul_vv|M", 0
"vfwnmacc_vf|U", 0
"vfwnmacc_vf|S", 0
"vfwnmacc_vf|HS", 0
"vfwnmacc_vf|M", 0
"vfwnmacc_vv|U", 0
"vfwnmacc_vv|S", 0
"vfwnmacc_vv|HS", 0
"vfwnmacc_vv|M", 0
"vfwnmsac_vf|U", 0
"vfwnmsac_vf|S", 0
"vfwnmsac_vf|HS", 0
"vfwnmsac_vf|M", 0
"vfwnmsac_vv|U", 0
"vfwnmsac_vv|S", 0
"vfwnmsac_vv|HS", 0
"vfwnmsac_vv|M", 0
"vfwredosum_vs|U", 0
"vfwredosum_vs|S", 0
"vfwredosum_vs|HS", 0
"vfwredosum_vs|M", 0
"vfwredusum_vs|U", 0
"vfwredusum_vs|S", 0
"vfwredusum_vs|HS", 0
"vfwredusum_vs|M", 0
"vfwsub_vf|U", 0
"vfwsub_vf|S", 0
"vfwsub_vf|HS", 0
"vfwsub_vf|M", 0
"vfwsub_vv|U", 0
"vfwsub_vv|S", 0
"vfwsub_vv|HS", 0
"vfwsub_vv|M", 0
"vfwsub_wf|U", 0
"vfwsub_wf|S", 0
"vfwsub_wf|HS", 0
"vfwsub_wf|M", 0
"vfwsub_wv|U", 0
"vfwsub_wv|S", 0
"vfwsub_wv|HS", 0
"vfwsub_wv|M", 0
"vmfeq_vf|U", 0
"vmfeq_vf|S", 0
"vmfeq_vf|HS", 0
"vmfeq_vf|M", 0
"vmfeq_vv|U", 0
"vmfeq_vv|S", 0
"vmfeq_vv|HS", 0
"vmfeq_vv|M", 0
"vmfge_vf|U", 0
"vmfge_vf|S", 0
"vmfge_vf|HS", 0
"vmfge_vf|M", 0
"vmfgt_vf|U", 0
"vmfgt_vf|S", 0
"vmfgt_vf|HS", 0
"vmfgt_vf|M", 0
"vmfle_vf|U", 0
"vmfle_vf|S", 0
"vmfle_vf|HS", 0
"vmfle_vf|M", 0
"vmfle_vv|U", 0
"vmfle_vv|S", 0
"vmfle_vv|HS", 0
"vmfle_vv|M", 0
"vmflt_vf|U", 0
"vmflt_vf|S", 0
"vmflt_vf|HS", 0
"vmflt_vf|M", 0
"vmflt_vv|U", 0
"vmflt_vv|S", 0
"vmflt_vv|HS", 0
"vmflt_vv|M", 0
"vmfne_vf|U", 0
"vmfne_vf|S", 0
"vmfne_vf|HS", 0
"vmfne_vf|M", 0
"vmfne_vv|U", 0
"vmfne_vv|S", 0
"vmfne_vv|HS", 0
"vmfne_vv|M", 0
"vaadd_vv|U", 0
"vaadd_vv|S", 0
"vaadd_vv|HS", 0
"vaadd_vv|M", 0
"vaaddu_vv|U", 0
"vaaddu_vv|S", 0
"vaaddu_vv|HS", 0
"vaaddu_vv|M", 0
"vaadd_vx|U", 0
"vaadd_vx|S", 0
"vaadd_vx|HS", 0
"vaadd_vx|M", 0
"vaaddu_vx|U", 0
"vaaddu_vx|S", 0
"vaaddu_vx|HS", 0
"vaaddu_vx|M", 0
"vadc_vim|U", 0
"vadc_vim|S", 0
"vadc_vim|HS", 0
"vadc_vim|M", 0
"vadc_vvm|U", 0
"vadc_vvm|S", 0
"vadc_vvm|HS", 0
"vadc_vvm|M", 0
"vadc_vxm|U", 0
"vadc_vxm|S", 0
"vadc_vxm|HS", 0
"vadc_vxm|M", 0
"vadd_vi|U", 0
"vadd_vi|S", 0
"vadd_vi|HS", 0
"vadd_vi|M", 0
"vadd_vv|U", 0
"vadd_vv|S", 0
"vadd_vv|HS", 0
"vadd_vv|M", 0
"vadd_vx|U", 0
"vadd_vx|S", 0
"vadd_vx|HS", 0
"vadd_vx|M", 0
"vand_vi|U", 0
"vand_vi|S", 0
"vand_vi|HS", 0
"vand_vi|M", 0
"vand_vv|U", 0
"vand_vv|S", 0
"vand_vv|HS", 0
"vand_vv|M", 0
"vand_vx|U", 0
"vand_vx|S", 0
"vand_vx|HS", 0
"vand_vx|M", 0
"vasub_vv|U", 0
"vasub_vv|S", 0
"vasub_vv|HS", 0
"vasub_vv|M", 0
"vasubu_vv|U", 0
"vasubu_vv|S", 0
"vasubu_vv|HS", 0
"vasubu_vv|M", 0
"vasub_vx|U", 0
"vasub_vx|S", 0
"vasub_vx|HS", 0
"vasub_vx|M", 0
"vasubu_vx|U", 0
"vasubu_vx|S", 0
"vasubu_vx|HS", 0
"vasubu_vx|M", 0
"vcompress_vm|U", 0
"vcompress_vm|S", 0
"vcompress_vm|HS", 0
"vcompress_vm|M", 0
"vcpop_m|U", 0
"vcpop_m|S", 0
"vcpop_m|HS", 0
"vcpop_m|M", 0
"vdiv_vv|U", 0
"vdiv_vv|S", 0
"vdiv_vv|HS", 0
"vdiv_vv|M", 0
"vdiv_vx|U", 0
"vdiv_vx|S", 0
"vdiv_vx|HS", 0
"vdiv_vx|M", 0
"vdivu_vv|U", 0
"vdivu_vv|S", 0
"vdivu_vv|HS", 0
"vdivu_vv|M", 0
"vdivu_vx|U", 0
"vdivu_vx|S", 0
"vdivu_vx|HS", 0
"vdivu_vx|M", 0
"vid_v|U", 0
"vid_v|S", 0
"vid_v|HS", 0
"vid_v|M", 0
"viota_m|U", 0
"viota_m|S", 0
"viota_m|HS", 0
"viota_m|M", 0
"vmacc_vv|U", 0
"vmacc_vv|S", 0
"vmacc_vv|HS", 0
"vmacc_vv|M", 0
"vmacc_vx|U", 0
"vmacc_vx|S", 0
"vmacc_vx|HS", 0
"vmacc_vx|M", 0
"vmadc_vv|U", 0
"vmadc_vv|S", 0
"vmadc_vv|HS", 0
"vmadc_vv|M", 0
"vmadc_vx|U", 0
"vmadc_vx|S", 0
"vmadc_vx|HS", 0
"vmadc_vx|M", 0
"vmadc_vi|U", 0
"vmadc_vi|S", 0
"vmadc_vi|HS", 0
"vmadc_vi|M", 0
"vmadc_vim|U", 0
"vmadc_vim|S", 0
"vmadc_vim|HS", 0
"vmadc_vim|M", 0
"vmadc_vvm|U", 0
"vmadc_vvm|S", 0
"vmadc_vvm|HS", 0
"vmadc_vvm|M", 0
"vmadc_vxm|U", 0
"vmadc_vxm|S", 0
"vmadc_vxm|HS", 0
"vmadc_vxm|M", 0
"vmadd_vv|U", 0
"vmadd_vv|S", 0
"vmadd_vv|HS", 0
"vmadd_vv|M", 0
"vmadd_vx|U", 0
"vmadd_vx|S", 0
"vmadd_vx|HS", 0
"vmadd_vx|M", 0
"vmand_mm|U", 0
"vmand_mm|S", 0
"vmand_mm|HS", 0
"vmand_mm|M", 0
"vmandn_mm|U", 0
"vmandn_mm|S", 0
"vmandn_mm|HS", 0
"vmandn_mm|M", 0
"vmax_vv|U", 0
"vmax_vv|S", 0
"vmax_vv|HS", 0
"vmax_vv|M", 0
"vmax_vx|U", 0
"vmax_vx|S", 0
"vmax_vx|HS", 0
"vmax_vx|M", 0
"vmaxu_vv|U", 0
"vmaxu_vv|S", 0
"vmaxu_vv|HS", 0
"vmaxu_vv|M", 0
"vmaxu_vx|U", 0
"vmaxu_vx|S", 0
"vmaxu_vx|HS", 0
"vmaxu_vx|M", 0
"vmerge_vim|U", 0
"vmerge_vim|S", 0
"vmerge_vim|HS", 0
"vmerge_vim|M", 0
"vmerge_vvm|U", 0
"vmerge_vvm|S", 0
"vmerge_vvm|HS", 0
"vmerge_vvm|M", 0
"vmerge_vxm|U", 0
"vmerge_vxm|S", 0
"vmerge_vxm|HS", 0
"vmerge_vxm|M", 0
"vfirst_m|U", 0
"vfirst_m|S", 0
"vfirst_m|HS", 0
"vfirst_m|M", 0
"vmin_vv|U", 0
"vmin_vv|S", 0
"vmin_vv|HS", 0
"vmin_vv|M", 0
"vmin_vx|U", 0
"vmin_vx|S", 0
"vmin_vx|HS", 0
"vmin_vx|M", 0
"vminu_vv|U", 0
"vminu_vv|S", 0
"vminu_vv|HS", 0
"vminu_vv|M", 0
"vminu_vx|U", 0
"vminu_vx|S", 0
"vminu_vx|HS", 0
"vminu_vx|M", 0
"vmnand_mm|U", 0
"vmnand_mm|S", 0
"vmnand_mm|HS", 0
"vmnand_mm|M", 0
"vmnor_mm|U", 0
"vmnor_mm|S", 0
"vmnor_mm|HS", 0
"vmnor_mm|M", 0
"vmor_mm|U", 0
"vmor_mm|S", 0
"vmor_mm|HS", 0
"vmor_mm|M", 0
"vmorn_mm|U", 0
"vmorn_mm|S", 0
"vmorn_mm|HS", 0
"vmorn_mm|M", 0
"vmsbc_vv|U", 0
"vmsbc_vv|S", 0
"vmsbc_vv|HS", 0
"vmsbc_vv|M", 0
"vmsbc_vx|U", 0
"vmsbc_vx|S", 0
"vmsbc_vx|HS", 0
"vmsbc_vx|M", 0
"vmsbc_vvm|U", 0
"vmsbc_vvm|S", 0
"vmsbc_vvm|HS", 0
"vmsbc_vvm|M", 0
"vmsbc_vxm|U", 0
"vmsbc_vxm|S", 0
"vmsbc_vxm|HS", 0
"vmsbc_vxm|M", 0
"vmsbf_m|U", 0
"vmsbf_m|S", 0
"vmsbf_m|HS", 0
"vmsbf_m|M", 0
"vmseq_vi|U", 0
"vmseq_vi|S", 0
"vmseq_vi|HS", 0
"vmseq_vi|M", 0
"vmseq_vv|U", 0
"vmseq_vv|S", 0
"vmseq_vv|HS", 0
"vmseq_vv|M", 0
"vmseq_vx|U", 0
"vmseq_vx|S", 0
"vmseq_vx|HS", 0
"vmseq_vx|M", 0
"vmsgt_vi|U", 0
"vmsgt_vi|S", 0
"vmsgt_vi|HS", 0
"vmsgt_vi|M", 0
"vmsgt_vx|U", 0
"vmsgt_vx|S", 0
"vmsgt_vx|HS", 0
"vmsgt_vx|M", 0
"vmsgtu_vi|U", 0
"vmsgtu_vi|S", 0
"vmsgtu_vi|HS", 0
"vmsgtu_vi|M", 0
"vmsgtu_vx|U", 0
"vmsgtu_vx|S", 0
"vmsgtu_vx|HS", 0
"vmsgtu_vx|M", 0
"vmsif_m|U", 0
"vmsif_m|S", 0
"vmsif_m|HS", 0
"vmsif_m|M", 0
"vmsle_vi|U", 0
"vmsle_vi|S", 0
"vmsle_vi|HS", 0
"vmsle_vi|M", 0
"vmsle_vv|U", 0
"vmsle_vv|S", 0
"vmsle_vv|HS", 0
"vmsle_vv|M", 0
"vmsle_vx|U", 0
"vmsle_vx|S", 0
"vmsle_vx|HS", 0
"vmsle_vx|M", 0
"vmsleu_vi|U", 0
"vmsleu_vi|S", 0
"vmsleu_vi|HS", 0
"vmsleu_vi|M", 0
"vmsleu_vv|U", 0
"vmsleu_vv|S", 0
"vmsleu_vv|HS", 0
"vmsleu_vv|M", 0
"vmsleu_vx|U", 0
"vmsleu_vx|S", 0
"vmsleu_vx|HS", 0
"vmsleu_vx|M", 0
"vmslt_vv|U", 0
"vmslt_vv|S", 0
"vmslt_vv|HS", 0
"vmslt_vv|M", 0
"vmslt_vx|U", 0
"vmslt_vx|S", 0
"vmslt_vx|HS", 0
"vmslt_vx|M", 0
"vmsltu_vv|U", 0
"vmsltu_vv|S", 0
"vmsltu_vv|HS", 0
"vmsltu_vv|M", 0
"vmsltu_vx|U", 0
"vmsltu_vx|S", 0
"vmsltu_vx|HS", 0
"vmsltu_vx|M", 0
"vmsne_vi|U", 0
"vmsne_vi|S", 0
"vmsne_vi|HS", 0
"vmsne_vi|M", 0
"vmsne_vv|U", 0
"vmsne_vv|S", 0
"vmsne_vv|HS", 0
"vmsne_vv|M", 0
"vmsne_vx|U", 0
"vmsne_vx|S", 0
"vmsne_vx|HS", 0
"vmsne_vx|M", 0
"vmsof_m|U", 0
"vmsof_m|S", 0
"vmsof_m|HS", 0
"vmsof_m|M", 0
"vmul_vv|U", 0
"vmul_vv|S", 0
"vmul_vv|HS", 0
"vmul_vv|M", 0
"vmul_vx|U", 0
"vmul_vx|S", 0
"vmul_vx|HS", 0
"vmul_vx|M", 0
"vmulh_vv|U", 0
"vmulh_vv|S", 0
"vmulh_vv|HS", 0
"vmulh_vv|M", 0
"vmulh_vx|U", 0
"vmulh_vx|S", 0
"vmulh_vx|HS", 0
"vmulh_vx|M", 0
"vmulhsu_vv|U", 0
"vmulhsu_vv|S", 0
"vmulhsu_vv|HS", 0
"vmulhsu_vv|M", 0
"vmulhsu_vx|U", 0
"vmulhsu_vx|S", 0
"vmulhsu_vx|HS", 0
"vmulhsu_vx|M", 0
"vmulhu_vv|U", 0
"vmulhu_vv|S", 0
"vmulhu_vv|HS", 0
"vmulhu_vv|M", 0
"vmulhu_vx|U", 0
"vmulhu_vx|S", 0
"vmulhu_vx|HS", 0
"vmulhu_vx|M", 0
"vmv_s_x|U", 0
"vmv_s_x|S", 0
"vmv_s_x|HS", 0
"vmv_s_x|M", 0
"vmv_v_i|U", 0
"vmv_v_i|S", 0
"vmv_v_i|HS", 0
"vmv_v_i|M", 0
"vmv_v_v|U", 0
"vmv_v_v|S", 0
"vmv_v_v|HS", 0
"vmv_v_v|M", 0
"vmv_v_x|U", 0
"vmv_v_x|S", 0
"vmv_v_x|HS", 0
"vmv_v_x|M", 0
"vmv_x_s|U", 0
"vmv_x_s|S", 0
"vmv_x_s|HS", 0
"vmv_x_s|M", 0
"vmv1r_v|U", 0
"vmv1r_v|S", 0
"vmv1r_v|HS", 0
"vmv1r_v|M", 0
"vmv2r_v|U", 0
"vmv2r_v|S", 0
"vmv2r_v|HS", 0
"vmv2r_v|M", 0
"vmv4r_v|U", 0
"vmv4r_v|S", 0
"vmv4r_v|HS", 0
"vmv4r_v|M", 0
"vmv8r_v|U", 0
"vmv8r_v|S", 0
"vmv8r_v|HS", 0
"vmv8r_v|M", 0
"vmxnor_mm|U", 0
"vmxnor_mm|S", 0
"vmxnor_mm|HS", 0
"vmxnor_mm|M", 0
"vmxor_mm|U", 0
"vmxor_mm|S", 0
"vmxor_mm|HS", 0
"vmxor_mm|M", 0
"vnclip_wi|U", 0
"vnclip_wi|S", 0
"vnclip_wi|HS", 0
"vnclip_wi|M", 0
"vnclip_wv|U", 0
"vnclip_wv|S", 0
"vnclip_wv|HS", 0
"vnclip_wv|M", 0
"vnclip_wx|U", 0
"vnclip_wx|S", 0
"vnclip_wx|HS", 0
"vnclip_wx|M", 0
"vnclipu_wi|U", 0
"vnclipu_wi|S", 0
"vnclipu_wi|HS", 0
"vnclipu_wi|M", 0
"vnclipu_wv|U", 0
"vnclipu_wv|S", 0
"vnclipu_wv|HS", 0
"vnclipu_wv|M", 0
"vnclipu_wx|U", 0
"vnclipu_wx|S", 0
"vnclipu_wx|HS", 0
"vnclipu_wx|M", 0
"vnmsac_vv|U", 0
"vnmsac_vv|S", 0
"vnmsac_vv|HS", 0
"vnmsac_vv|M", 0
"vnmsac_vx|U", 0
"vnmsac_vx|S", 0
"vnmsac_vx|HS", 0
"vnmsac_vx|M", 0
"vnmsub_vv|U", 0
"vnmsub_vv|S", 0
"vnmsub_vv|HS", 0
"vnmsub_vv|M", 0
"vnmsub_vx|U", 0
"vnmsub_vx|S", 0
"vnmsub_vx|HS", 0
"vnmsub_vx|M", 0
"vnsra_wi|U", 0
"vnsra_wi|S", 0
"vnsra_wi|HS", 0
"vnsra_wi|M", 0
"vnsra_wv|U", 0
"vnsra_wv|S", 0
"vnsra_wv|HS", 0
"vnsra_wv|M", 0
"vnsra_wx|U", 0
"vnsra_wx|S", 0
"vnsra_wx|HS", 0
"vnsra_wx|M", 0
"vnsrl_wi|U", 0
"vnsrl_wi|S", 0
"vnsrl_wi|HS", 0
"vnsrl_wi|M", 0
"vnsrl_wv|U", 0
"vnsrl_wv|S", 0
"vnsrl_wv|HS", 0
"vnsrl_wv|M", 0
"vnsrl_wx|U", 0
"vnsrl_wx|S", 0
"vnsrl_wx|HS", 0
"vnsrl_wx|M", 0
"vor_vi|U", 0
"vor_vi|S", 0
"vor_vi|HS", 0
"vor_vi|M", 0
"vor_vv|U", 0
"vor_vv|S", 0
"vor_vv|HS", 0
"vor_vv|M", 0
"vor_vx|U", 0
"vor_vx|S", 0
"vor_vx|HS", 0
"vor_vx|M", 0
"vredand_vs|U", 0
"vredand_vs|S", 0
"vredand_vs|HS", 0
"vredand_vs|M", 0
"vredmax_vs|U", 0
"vredmax_vs|S", 0
"vredmax_vs|HS", 0
"vredmax_vs|M", 0
"vredmaxu_vs|U", 0
"vredmaxu_vs|S", 0
"vredmaxu_vs|HS", 0
"vredmaxu_vs|M", 0
"vredmin_vs|U", 0
"vredmin_vs|S", 0
"vredmin_vs|HS", 0
"vredmin_vs|M", 0
"vredminu_vs|U", 0
"vredminu_vs|S", 0
"vredminu_vs|HS", 0
"vredminu_vs|M", 0
"vredor_vs|U", 0
"vredor_vs|S", 0
"vredor_vs|HS", 0
"vredor_vs|M", 0
"vredsum_vs|U", 0
"vredsum_vs|S", 0
"vredsum_vs|HS", 0
"vredsum_vs|M", 0
"vredxor_vs|U", 0
"vredxor_vs|S", 0
"vredxor_vs|HS", 0
"vredxor_vs|M", 0
"vrem_vv|U", 0
"vrem_vv|S", 0
"vrem_vv|HS", 0
"vrem_vv|M", 0
"vrem_vx|U", 0
"vrem_vx|S", 0
"vrem_vx|HS", 0
"vrem_vx|M", 0
"vremu_vv|U", 0
"vremu_vv|S", 0
"vremu_vv|HS", 0
"vremu_vv|M", 0
"vremu_vx|U", 0
"vremu_vx|S", 0
"vremu_vx|HS", 0
"vremu_vx|M", 0
"vrgather_vi|U", 0
"vrgather_vi|S", 0
"vrgather_vi|HS", 0
"vrgather_vi|M", 0
"vrgather_vv|U", 0
"vrgather_vv|S", 0
"vrgather_vv|HS", 0
"vrgather_vv|M", 0
"vrgather_vx|U", 0
"vrgather_vx|S", 0
"vrgather_vx|HS", 0
"vrgather_vx|M", 0
"vrgatherei16_vv|U", 0
"vrgatherei16_vv|S", 0
"vrgatherei16_vv|HS", 0
"vrgatherei16_vv|M", 0
"vrsub_vi|U", 0
"vrsub_vi|S", 0
"vrsub_vi|HS", 0
"vrsub_vi|M", 0
"vrsub_vx|U", 0
"vrsub_vx|S", 0
"vrsub_vx|HS", 0
"vrsub_vx|M", 0
"vsadd_vi|U", 0
"vsadd_vi|S", 0
"vsadd_vi|HS", 0
"vsadd_vi|M", 0
"vsadd_vv|U", 0
"vsadd_vv|S", 0
"vsadd_vv|HS", 0
"vsadd_vv|M", 0
"vsadd_vx|U", 0
"vsadd_vx|S", 0
"vsadd_vx|HS", 0
"vsadd_vx|M", 0
"vsaddu_vi|U", 0
"vsaddu_vi|S", 0
"vsaddu_vi|HS", 0
"vsaddu_vi|M", 0
"vsaddu_vv|U", 0
"vsaddu_vv|S", 0
"vsaddu_vv|HS", 0
"vsaddu_vv|M", 0
"vsaddu_vx|U", 0
"vsaddu_vx|S", 0
"vsaddu_vx|HS", 0
"vsaddu_vx|M", 0
"vsbc_vvm|U", 0
"vsbc_vvm|S", 0
"vsbc_vvm|HS", 0
"vsbc_vvm|M", 0
"vsbc_vxm|U", 0
"vsbc_vxm|S", 0
"vsbc_vxm|HS", 0
"vsbc_vxm|M", 0
"vsext_vf2|U", 0
"vsext_vf2|S", 0
"vsext_vf2|HS", 0
"vsext_vf2|M", 0
"vsext_vf4|U", 0
"vsext_vf4|S", 0
"vsext_vf4|HS", 0
"vsext_vf4|M", 0
"vsext_vf8|U", 0
"vsext_vf8|S", 0
"vsext_vf8|HS", 0
"vsext_vf8|M", 0
"vslide1down_vx|U", 0
"vslide1down_vx|S", 0
"vslide1down_vx|HS", 0
"vslide1down_vx|M", 0
"vslide1up_vx|U", 0
"vslide1up_vx|S", 0
"vslide1up_vx|HS", 0
"vslide1up_vx|M", 0
"vslidedown_vi|U", 0
"vslidedown_vi|S", 0
"vslidedown_vi|HS", 0
"vslidedown_vi|M", 0
"vslidedown_vx|U", 0
"vslidedown_vx|S", 0
"vslidedown_vx|HS", 0
"vslidedown_vx|M", 0
"vslideup_vi|U", 0
"vslideup_vi|S", 0
"vslideup_vi|HS", 0
"vslideup_vi|M", 0
"vslideup_vx|U", 0
"vslideup_vx|S", 0
"vslideup_vx|HS", 0
"vslideup_vx|M", 0
"vsll_vi|U", 0
"vsll_vi|S", 0
"vsll_vi|HS", 0
"vsll_vi|M", 0
"vsll_vv|U", 0
"vsll_vv|S", 0
"vsll_vv|HS", 0
"vsll_vv|M", 0
"vsll_vx|U", 0
"vsll_vx|S", 0
"vsll_vx|HS", 0
"vsll_vx|M", 0
"vsmul_vv|U", 0
"vsmul_vv|S", 0
"vsmul_vv|HS", 0
"vsmul_vv|M", 0
"vsmul_vx|U", 0
"vsmul_vx|S", 0
"vsmul_vx|HS", 0
"vsmul_vx|M", 0
"vsra_vi|U", 0
"vsra_vi|S", 0
"vsra_vi|HS", 0
"vsra_vi|M", 0
"vsra_vv|U", 0
"vsra_vv|S", 0
"vsra_vv|HS", 0
"vsra_vv|M", 0
"vsra_vx|U", 0
"vsra_vx|S", 0
"vsra_vx|HS", 0
"vsra_vx|M", 0
"vsrl_vi|U", 0
"vsrl_vi|S", 0
"vsrl_vi|HS", 0
"vsrl_vi|M", 0
"vsrl_vv|U", 0
"vsrl_vv|S", 0
"vsrl_vv|HS", 0
"vsrl_vv|M", 0
"vsrl_vx|U", 0
"vsrl_vx|S", 0
"vsrl_vx|HS", 0
"vsrl_vx|M", 0
"vssra_vi|U", 0
"vssra_vi|S", 0
"vssra_vi|HS", 0
"vssra_vi|M", 0
"vssra_vv|U", 0
"vssra_vv|S", 0
"vssra_vv|HS", 0
"vssra_vv|M", 0
"vssra_vx|U", 0
"vssra_vx|S", 0
"vssra_vx|HS", 0
"vssra_vx|M", 0
"vssrl_vi|U", 0
"vssrl_vi|S", 0
"vssrl_vi|HS", 0
"vssrl_vi|M", 0
"vssrl_vv|U", 0
"vssrl_vv|S", 0
"vssrl_vv|HS", 0
"vssrl_vv|M", 0
"vssrl_vx|U", 0
"vssrl_vx|S", 0
"vssrl_vx|HS", 0
"vssrl_vx|M", 0
"vssub_vv|U", 0
"vssub_vv|S", 0
"vssub_vv|HS", 0
"vssub_vv|M", 0
"vssub_vx|U", 0
"vssub_vx|S", 0
"vssub_vx|HS", 0
"vssub_vx|M", 0
"vssubu_vv|U", 0
"vssubu_vv|S", 0
"vssubu_vv|HS", 0
"vssubu_vv|M", 0
"vssubu_vx|U", 0
"vssubu_vx|S", 0
"vssubu_vx|HS", 0
"vssubu_vx|M", 0
"vsub_vv|U", 0
"vsub_vv|S", 0
"vsub_vv|HS", 0
"vsub_vv|M", 0
"vsub_vx|U", 0
"vsub_vx|S", 0
"vsub_vx|HS", 0
"vsub_vx|M", 0
"vwadd_vv|U", 0
"vwadd_vv|S", 0
"vwadd_vv|HS", 0
"vwadd_vv|M", 0
"vwadd_vx|U", 0
"vwadd_vx|S", 0
"vwadd_vx|HS", 0
"vwadd_vx|M", 0
"vwadd_wv|U", 0
"vwadd_wv|S", 0
"vwadd_wv|HS", 0
"vwadd_wv|M", 0
"vwadd_wx|U", 0
"vwadd_wx|S", 0
"vwadd_wx|HS", 0
"vwadd_wx|M", 0
"vwaddu_vv|U", 0
"vwaddu_vv|S", 0
"vwaddu_vv|HS", 0
"vwaddu_vv|M", 0
"vwaddu_vx|U", 0
"vwaddu_vx|S", 0
"vwaddu_vx|HS", 0
"vwaddu_vx|M", 0
"vwaddu_wv|U", 0
"vwaddu_wv|S", 0
"vwaddu_wv|HS", 0
"vwaddu_wv|M", 0
"vwaddu_wx|U", 0
"vwaddu_wx|S", 0
"vwaddu_wx|HS", 0
"vwaddu_wx|M", 0
"vwmacc_vv|U", 0
"vwmacc_vv|S", 0
"vwmacc_vv|HS", 0
"vwmacc_vv|M", 0
"vwmacc_vx|U", 0
"vwmacc_vx|S", 0
"vwmacc_vx|HS", 0
"vwmacc_vx|M", 0
"vwmaccsu_vv|U", 0
"vwmaccsu_vv|S", 0
"vwmaccsu_vv|HS", 0
"vwmaccsu_vv|M", 0
"vwmaccsu_vx|U", 0
"vwmaccsu_vx|S", 0
"vwmaccsu_vx|HS", 0
"vwmaccsu_vx|M", 0
"vwmaccu_vv|U", 0
"vwmaccu_vv|S", 0
"vwmaccu_vv|HS", 0
"vwmaccu_vv|M", 0
"vwmaccu_vx|U", 0
"vwmaccu_vx|S", 0
"vwmaccu_vx|HS", 0
"vwmaccu_vx|M", 0
"vwmaccus_vx|U", 0
"vwmaccus_vx|S", 0
"vwmaccus_vx|HS", 0
"vwmaccus_vx|M", 0
"vwmul_vv|U", 0
"vwmul_vv|S", 0
"vwmul_vv|HS", 0
"vwmul_vv|M", 0
"vwmul_vx|U", 0
"vwmul_vx|S", 0
"vwmul_vx|HS", 0
"vwmul_vx|M", 0
"vwmulsu_vv|U", 0
"vwmulsu_vv|S", 0
"vwmulsu_vv|HS", 0
"vwmulsu_vv|M", 0
"vwmulsu_vx|U", 0
"vwmulsu_vx|S", 0
"vwmulsu_vx|HS", 0
"vwmulsu_vx|M", 0
"vwmulu_vv|U", 0
"vwmulu_vv|S", 0
"vwmulu_vv|HS", 0
"vwmulu_vv|M", 0
"vwmulu_vx|U", 0
"vwmulu_vx|S", 0
"vwmulu_vx|HS", 0
"vwmulu_vx|M", 0
"vwredsum_vs|U", 0
"vwredsum_vs|S", 0
"vwredsum_vs|HS", 0
"vwredsum_vs|M", 0
"vwredsumu_vs|U", 0
"vwredsumu_vs|S", 0
"vwredsumu_vs|HS", 0
"vwredsumu_vs|M", 0
"vwsub_vv|U", 0
"vwsub_vv|S", 0
"vwsub_vv|HS", 0
"vwsub_vv|M", 0
"vwsub_vx|U", 0
"vwsub_vx|S", 0
"vwsub_vx|HS", 0
"vwsub_vx|M", 0
"vwsub_wv|U", 0
"vwsub_wv|S", 0
"vwsub_wv|HS", 0
"vwsub_wv|M", 0
"vwsub_wx|U", 0
"vwsub_wx|S", 0
"vwsub_wx|HS", 0
"vwsub_wx|M", 0
"vwsubu_vv|U", 0
"vwsubu_vv|S", 0
"vwsubu_vv|HS", 0
"vwsubu_vv|M", 0
"vwsubu_vx|U", 0
"vwsubu_vx|S", 0
"vwsubu_vx|HS", 0
"vwsubu_vx|M", 0
"vwsubu_wv|U", 0
"vwsubu_wv|S", 0
"vwsubu_wv|HS", 0
"vwsubu_wv|M", 0
"vwsubu_wx|U", 0
"vwsubu_wx|S", 0
"vwsubu_wx|HS", 0
"vwsubu_wx|M", 0
"vxor_vi|U", 0
"vxor_vi|S", 0
"vxor_vi|HS", 0
"vxor_vi|M", 0
"vxor_vv|U", 0
"vxor_vv|S", 0
"vxor_vv|HS", 0
"vxor_vv|M", 0
"vxor_vx|U", 0
"vxor_vx|S", 0
"vxor_vx|HS", 0
"vxor_vx|M", 0
"vzext_vf2|U", 0
"vzext_vf2|S", 0
"vzext_vf2|HS", 0
"vzext_vf2|M", 0
"vzext_vf4|U", 0
"vzext_vf4|S", 0
"vzext_vf4|HS", 0
"vzext_vf4|M", 0
"vzext_vf8|U", 0
"vzext_vf8|S", 0
"vzext_vf8|HS", 0
"vzext_vf8|M", 0
"vsetivli|U", 0
"vsetivli|S", 0
"vsetivli|HS", 0
"vsetivli|M", 0
"vsetvli|U", 0
"vsetvli|S", 0
"vsetvli|HS", 0
"vsetvli|M", 0
"vsetvl|U", 0
"vsetvl|S", 0
"vsetvl|HS", 0
"vsetvl|M", 0
"vlm_v|U", 0
"vlm_v|S", 0
"vlm_v|HS", 0
"vlm_v|M", 0
"vle8_v|U", 0
"vle8_v|S", 0
"vle8_v|HS", 0
"vle8_v|M", 0
"vle16_v|U", 0
"vle16_v|S", 0
"vle16_v|HS", 0
"vle16_v|M", 0
"vle32_v|U", 0
"vle32_v|S", 0
"vle32_v|HS", 0
"vle32_v|M", 0
"vle64_v|U", 0
"vle64_v|S", 0
"vle64_v|HS", 0
"vle64_v|M", 0
"vloxei8_v|U", 0
"vloxei8_v|S", 0
"vloxei8_v|HS", 0
"vloxei8_v|M", 0
"vloxei16_v|U", 0
"vloxei16_v|S", 0
"vloxei16_v|HS", 0
"vloxei16_v|M", 0
"vloxei32_v|U", 0
"vloxei32_v|S", 0
"vloxei32_v|HS", 0
"vloxei32_v|M", 0
"vloxei64_v|U", 0
"vloxei64_v|S", 0
"vloxei64_v|HS", 0
"vloxei64_v|M", 0
"vlse8_v|U", 0
"vlse8_v|S", 0
"vlse8_v|HS", 0
"vlse8_v|M", 0
"vlse16_v|U", 0
"vlse16_v|S", 0
"vlse16_v|HS", 0
"vlse16_v|M", 0
"vlse32_v|U", 0
"vlse32_v|S", 0
"vlse32_v|HS", 0
"vlse32_v|M", 0
"vlse64_v|U", 0
"vlse64_v|S", 0
"vlse64_v|HS", 0
"vlse64_v|M", 0
"vluxei8_v|U", 0
"vluxei8_v|S", 0
"vluxei8_v|HS", 0
"vluxei8_v|M", 0
"vluxei16_v|U", 0
"vluxei16_v|S", 0
"vluxei16_v|HS", 0
"vluxei16_v|M", 0
"vluxei32_v|U", 0
"vluxei32_v|S", 0
"vluxei32_v|HS", 0
"vluxei32_v|M", 0
"vluxei64_v|U", 0
"vluxei64_v|S", 0
"vluxei64_v|HS", 0
"vluxei64_v|M", 0
"vle8ff_v|U", 0
"vle8ff_v|S", 0
"vle8ff_v|HS", 0
"vle8ff_v|M", 0
"vle16ff_v|U", 0
"vle16ff_v|S", 0
"vle16ff_v|HS", 0
"vle16ff_v|M", 0
"vle32ff_v|U", 0
"vle32ff_v|S", 0
"vle32ff_v|HS", 0
"vle32ff_v|M", 0
"vle64ff_v|U", 0
"vle64ff_v|S", 0
"vle64ff_v|HS", 0
"vle64ff_v|M", 0
"vl1re8_v|U", 0
"vl1re8_v|S", 0
"vl1re8_v|HS", 0
"vl1re8_v|M", 0
"vl2re8_v|U", 0
"vl2re8_v|S", 0
"vl2re8_v|HS", 0
"vl2re8_v|M", 0
"vl4re8_v|U", 0
"vl4re8_v|S", 0
"vl4re8_v|HS", 0
"vl4re8_v|M", 0
"vl8re8_v|U", 0
"vl8re8_v|S", 0
"vl8re8_v|HS", 0
"vl8re8_v|M", 0
"vl1re16_v|U", 0
"vl1re16_v|S", 0
"vl1re16_v|HS", 0
"vl1re16_v|M", 0
"vl2re16_v|U", 0
"vl2re16_v|S", 0
"vl2re16_v|HS", 0
"vl2re16_v|M", 0
"vl4re16_v|U", 0
"vl4re16_v|S", 0
"vl4re16_v|HS", 0
"vl4re16_v|M", 0
"vl8re16_v|U", 0
"vl8re16_v|S", 0
"vl8re16_v|HS", 0
"vl8re16_v|M", 0
"vl1re32_v|U", 0
"vl1re32_v|S", 0
"vl1re32_v|HS", 0
"vl1re32_v|M", 0
"vl2re32_v|U", 0
"vl2re32_v|S", 0
"vl2re32_v|HS", 0
"vl2re32_v|M", 0
"vl4re32_v|U", 0
"vl4re32_v|S", 0
"vl4re32_v|HS", 0
"vl4re32_v|M", 0
"vl8re32_v|U", 0
"vl8re32_v|S", 0
"vl8re32_v|HS", 0
"vl8re32_v|M", 0
"vl1re64_v|U", 0
"vl1re64_v|S", 0
"vl1re64_v|HS", 0
"vl1re64_v|M", 0
"vl2re64_v|U", 0
"vl2re64_v|S", 0
"vl2re64_v|HS", 0
"vl2re64_v|M", 0
"vl4re64_v|U", 0
"vl4re64_v|S", 0
"vl4re64_v|HS", 0
"vl4re64_v|M", 0
"vl8re64_v|U", 0
"vl8re64_v|S", 0
"vl8re64_v|HS", 0
"vl8re64_v|M", 0
"vsm_v|U", 0
"vsm_v|S", 0
"vsm_v|HS", 0
"vsm_v|M", 0
"vse8_v|U", 0
"vse8_v|S", 0
"vse8_v|HS", 0
"vse8_v|M", 0
"vse16_v|U", 0
"vse16_v|S", 0
"vse16_v|HS", 0
"vse16_v|M", 0
"vse32_v|U", 0
"vse32_v|S", 0
"vse32_v|HS", 0
"vse32_v|M", 0
"vse64_v|U", 0
"vse64_v|S", 0
"vse64_v|HS", 0
"vse64_v|M", 0
"vsse8_v|U", 0
"vsse8_v|S", 0
"vsse8_v|HS", 0
"vsse8_v|M", 0
"vsoxei8_v|U", 0
"vsoxei8_v|S", 0
"vsoxei8_v|HS", 0
"vsoxei8_v|M", 0
"vsoxei16_v|U", 0
"vsoxei16_v|S", 0
"vsoxei16_v|HS", 0
"vsoxei16_v|M", 0
"vsoxei32_v|U", 0
"vsoxei32_v|S", 0
"vsoxei32_v|HS", 0
"vsoxei32_v|M", 0
"vsoxei64_v|U", 0
"vsoxei64_v|S", 0
"vsoxei64_v|HS", 0
"vsoxei64_v|M", 0
"vsse16_v|U", 0
"vsse16_v|S", 0
"vsse16_v|HS", 0
"vsse16_v|M", 0
"vsse32_v|U", 0
"vsse32_v|S", 0
"vsse32_v|HS", 0
"vsse32_v|M", 0
"vsse64_v|U", 0
"vsse64_v|S", 0
"vsse64_v|HS", 0
"vsse64_v|M", 0
"vsuxei8_v|U", 0
"vsuxei8_v|S", 0
"vsuxei8_v|HS", 0
"vsuxei8_v|M", 0
"vsuxei16_v|U", 0
"vsuxei16_v|S", 0
"vsuxei16_v|HS", 0
"vsuxei16_v|M", 0
"vsuxei32_v|U", 0
"vsuxei32_v|S", 0
"vsuxei32_v|HS", 0
"vsuxei32_v|M", 0
"vsuxei64_v|U", 0
"vsuxei64_v|S", 0
"vsuxei64_v|HS", 0
"vsuxei64_v|M", 0
"vs1r_v|U", 0
"vs1r_v|S", 0
"vs1r_v|HS", 0
"vs1r_v|M", 0
"vs2r_v|U", 0
"vs2r_v|S", 0
"vs2r_v|HS", 0
"vs2r_v|M", 0
"vs4r_v|U", 0
"vs4r_v|S", 0
"vs4r_v|HS", 0
"vs4r_v|M", 0
"vs8r_v|U", 0
"vs8r_v|S", 0
"vs8r_v|HS", 0
"vs8r_v|M", 0
"fcvt_bf16_s|U", 0
"fcvt_bf16_s|S", 0
"fcvt_bf16_s|HS", 0
"fcvt_bf16_s|M", 0
"fcvt_s_bf16|U", 0
"fcvt_s_bf16|S", 0
"fcvt_s_bf16|HS", 0
"fcvt_s_bf16|M", 0
"vfncvtbf16_f_f_w|U", 0
"vfncvtbf16_f_f_w|S", 0
"vfncvtbf16_f_f_w|HS", 0
"vfncvtbf16_f_f_w|M", 0
"vfwcvtbf16_f_f_v|U", 0
"vfwcvtbf16_f_f_v|S", 0
"vfwcvtbf16_f_f_v|HS", 0
"vfwcvtbf16_f_f_v|M", 0
"vfwmaccbf16_vv|U", 0
"vfwmaccbf16_vv|S", 0
"vfwmaccbf16_vv|HS", 0
"vfwmaccbf16_vv|M", 0
"vfwmaccbf16_vf|U", 0
"vfwmaccbf16_vf|S", 0
"vfwmaccbf16_vf|HS", 0
"vfwmaccbf16_vf|M", 0
"cbo_clean|U", 0
"cbo_clean|S", 0
"cbo_clean|HS", 0
"cbo_clean|M", 0
"cbo_flush|U", 0
"cbo_flush|S", 0
"cbo_flush|HS", 0
"cbo_flush|M", 0
"cbo_inval|U", 0
"cbo_inval|S", 0
"cbo_inval|HS", 0
"cbo_inval|M", 0
"cbo_zero|U", 0
"cbo_zero|S", 0
"cbo_zero|HS", 0
"cbo_zero|M", 0
"fli_d|U", 0
"fli_d|S", 0
"fli_d|HS", 0
"fli_d|M", 0
"fmaxm_d|U", 0
"fmaxm_d|S", 0
"fmaxm_d|HS", 0
"fmaxm_d|M", 0
"fminm_d|U", 0
"fminm_d|S", 0
"fminm_d|HS", 0
"fminm_d|M", 0
"fround_d|U", 0
"fround_d|S", 0
"fround_d|HS", 0
"fround_d|M", 0
"froundnx_d|U", 0
"froundnx_d|S", 0
"froundnx_d|HS", 0
"froundnx_d|M", 0
"fmvh_x_d|U", 0
"fmvh_x_d|S", 0
"fmvh_x_d|HS", 0
"fmvh_x_d|M", 0
"fmvp_d_x|U", 0
"fmvp_d_x|S", 0
"fmvp_d_x|HS", 0
"fmvp_d_x|M", 0
"fcvtmod_w_d|U", 0
"fcvtmod_w_d|S", 0
"fcvtmod_w_d|HS", 0
"fcvtmod_w_d|M", 0
"fleq_d|U", 0
"fleq_d|S", 0
"fleq_d|HS", 0
"fleq_d|M", 0
"fltq_d|U", 0
"fltq_d|S", 0
"fltq_d|HS", 0
"fltq_d|M", 0
"fli_s|U", 0
"fli_s|S", 0
"fli_s|HS", 0
"fli_s|M", 0
"fmaxm_s|U", 0
"fmaxm_s|S", 0
"fmaxm_s|HS", 0
"fmaxm_s|M", 0
"fminm_s|U", 0
"fminm_s|S", 0
"fminm_s|HS", 0
"fminm_s|M", 0
"fround_s|U", 0
"fround_s|S", 0
"fround_s|HS", 0
"fround_s|M", 0
"froundnx_s|U", 0
"froundnx_s|S", 0
"froundnx_s|HS", 0
"froundnx_s|M", 0
"fleq_s|U", 0
"fleq_s|S", 0
"fleq_s|HS", 0
"fleq_s|M", 0
"fltq_s|U", 0
"fltq_s|S", 0
"fltq_s|HS", 0
"fltq_s|M", 0
"hfence_gvma|U", 0
"hfence_gvma|S", 0
"hfence_gvma|HS", 0
"hfence_gvma|M", 0
"hfence_vvma|U", 0
"hfence_vvma|S", 0
"hfence_vvma|HS", 0
"hfence_vvma|M", 0
"hlv_b|U", 0
"hlv_b|S", 0
"hlv_b|HS", 0
"hlv_b|M", 0
"hlv_bu|U", 0
"hlv_bu|S", 0
"hlv_bu|HS", 0
"hlv_bu|M", 0
"hlv_h|U", 0
"hlv_h|S", 0
"hlv_h|HS", 0
"hlv_h|M", 0
"hlv_hu|U", 0
"hlv_hu|S", 0
"hlv_hu|HS", 0
"hlv_hu|M", 0
"hlvx_hu|U", 0
"hlvx_hu|S", 0
"hlvx_hu|HS", 0
"hlvx_hu|M", 0
"hlv_w|U", 0
"hlv_w|S", 0
"hlv_w|HS", 0
"hlv_w|M", 0
"hlv_wu|U", 0
"hlv_wu|S", 0
"hlv_wu|HS", 0
"hlv_wu|M", 0
"hlvx_wu|U", 0
"hlvx_wu|S", 0
"hlvx_wu|HS", 0
"hlvx_wu|M", 0
"hlv_d|U", 0
"hlv_d|S", 0
"hlv_d|HS", 0
"hlv_d|M", 0
"hsv_b|U", 0
"hsv_b|S", 0
"hsv_b|HS", 0
"hsv_b|M", 0
"hsv_h|U", 0
"hsv_h|S", 0
"hsv_h|HS", 0
"hsv_h|M", 0
"hsv_w|U", 0
"hsv_w|S", 0
"hsv_w|HS", 0
"hsv_w|M", 0
"hsv_d|U", 0
"hsv_d|S", 0
"hsv_d|HS", 0
"hsv_d|M", 0
"aes32dsi|U", 0
"aes32dsi|S", 0
"aes32dsi|HS", 0
"aes32dsi|M", 0
"aes32dsmi|U", 0
"aes32dsmi|S", 0
"aes32dsmi|HS", 0
"aes32dsmi|M", 0
"aes32esi|U", 0
"aes32esi|S", 0
"aes32esi|HS", 0
"aes32esi|M", 0
"aes32esmi|U", 0
"aes32esmi|S", 0
"aes32esmi|HS", 0
"aes32esmi|M", 0
"aes64ds|U", 0
"aes64ds|S", 0
"aes64ds|HS", 0
"aes64ds|M", 0
"aes64dsm|U", 0
"aes64dsm|S", 0
"aes64dsm|HS", 0
"aes64dsm|M", 0
"aes64es|U", 0
"aes64es|S", 0
"aes64es|HS", 0
"aes64es|M", 0
"aes64esm|U", 0
"aes64esm|S", 0
"aes64esm|HS", 0
"aes64esm|M", 0
"aes64ks1i|U", 0
"aes64ks1i|S", 0
"aes64ks1i|HS", 0
"aes64ks1i|M", 0
"aes64ks2|U", 0
"aes64ks2|S", 0
"aes64ks2|HS", 0
"aes64ks2|M", 0
"aes64im|U", 0
"aes64im|S", 0
"aes64im|HS", 0
"aes64im|M", 0
"sha256sig0|U", 0
"sha256sig0|S", 0
"sha256sig0|HS", 0
"sha256sig0|M", 0
"sha256sig1|U", 0
"sha256sig1|S", 0
"sha256sig1|HS", 0
"sha256sig1|M", 0
"sha256sum0|U", 0
"sha256sum0|S", 0
"sha256sum0|HS", 0
"sha256sum0|M", 0
"sha256sum1|U", 0
"sha256sum1|S", 0
"sha256sum1|HS", 0
"sha256sum1|M", 0
"sha512sig0|U", 0
"sha512sig0|S", 0
"sha512sig0|HS", 0
"sha512sig0|M", 0
"sha512sig0h|U", 0
"sha512sig0h|S", 0
"sha512sig0h|HS", 0
"sha512sig0h|M", 0
"sha512sig0l|U", 0
"sha512sig0l|S", 0
"sha512sig0l|HS", 0
"sha512sig0l|M", 0
"sha512sig1|U", 0
"sha512sig1|S", 0
"sha512sig1|HS", 0
"sha512sig1|M", 0
"sha512sig1h|U", 0
"sha512sig1h|S", 0
"sha512sig1h|HS", 0
"sha512sig1h|M", 0
"sha512sig1l|U", 0
"sha512sig1l|S", 0
"sha512sig1l|HS", 0
"sha512sig1l|M", 0
"sha512sum0|U", 0
"sha512sum0|S", 0
"sha512sum0|HS", 0
"sha512sum0|M", 0
"sha512sum0r|U", 0
"sha512sum0r|S", 0
"sha512sum0r|HS", 0
"sha512sum0r|M", 0
"sha512sum1|U", 0
"sha512sum1|S", 0
"sha512sum1|HS", 0
"sha512sum1|M", 0
"sha512sum1r|U", 0
"sha512sum1r|S", 0
"sha512sum1r|HS", 0
"sha512sum1r|M", 0
"sm3p0|U", 0
"sm3p0|S", 0
"sm3p0|HS", 0
"sm3p0|M", 0
"sm3p1|U", 0
"sm3p1|S", 0
"sm3p1|HS", 0
"sm3p1|M", 0
"sm4ed|U", 0
"sm4ed|S", 0
"sm4ed|HS", 0
"sm4ed|M", 0
"sm4ks|U", 0
"sm4ks|S", 0
"sm4ks|HS", 0
"sm4ks|M", 0
"fadd_q|U", 0
"fadd_q|S", 0
"fadd_q|HS", 0
"fadd_q|M", 0
"fclass_q|U", 0
"fclass_q|S", 0
"fclass_q|HS", 0
"fclass_q|M", 0
"fcvt_l_q|U", 0
"fcvt_l_q|S", 0
"fcvt_l_q|HS", 0
"fcvt_l_q|M", 0
"fcvt_lu_q|U", 0
"fcvt_lu_q|S", 0
"fcvt_lu_q|HS", 0
"fcvt_lu_q|M", 0
"fcvt_q_d|U", 0
"fcvt_q_d|S", 0
"fcvt_q_d|HS", 0
"fcvt_q_d|M", 0
"fcvt_q_l|U", 0
"fcvt_q_l|S", 0
"fcvt_q_l|HS", 0
"fcvt_q_l|M", 0
"fcvt_q_lu|U", 0
"fcvt_q_lu|S", 0
"fcvt_q_lu|HS", 0
"fcvt_q_lu|M", 0
"fcvt_q_s|U", 0
"fcvt_q_s|S", 0
"fcvt_q_s|HS", 0
"fcvt_q_s|M", 0
"fcvt_q_w|U", 0
"fcvt_q_w|S", 0
"fcvt_q_w|HS", 0
"fcvt_q_w|M", 0
"fcvt_q_wu|U", 0
"fcvt_q_wu|S", 0
"fcvt_q_wu|HS", 0
"fcvt_q_wu|M", 0
"fcvt_s_q|U", 0
"fcvt_s_q|S", 0
"fcvt_s_q|HS", 0
"fcvt_s_q|M", 0
"fcvt_w_q|U", 0
"fcvt_w_q|S", 0
"fcvt_w_q|HS", 0
"fcvt_w_q|M", 0
"fcvt_wu_q|U", 0
"fcvt_wu_q|S", 0
"fcvt_wu_q|HS", 0
"fcvt_wu_q|M", 0
"fdiv_q|U", 0
"fdiv_q|S", 0
"fdiv_q|HS", 0
"fdiv_q|M", 0
"feq_q|U", 0
"feq_q|S", 0
"feq_q|HS", 0
"feq_q|M", 0
"fle_q|U", 0
"fle_q|S", 0
"fle_q|HS", 0
"fle_q|M", 0
"flq|U", 0
"flq|S", 0
"flq|HS", 0
"flq|M", 0
"flt_q|U", 0
"flt_q|S", 0
"flt_q|HS", 0
"flt_q|M", 0
"fmadd_q|U", 0
"fmadd_q|S", 0
"fmadd_q|HS", 0
"fmadd_q|M", 0
"fmax_q|U", 0
"fmax_q|S", 0
"fmax_q|HS", 0
"fmax_q|M", 0
"fmin_q|U", 0
"fmin_q|S", 0
"fmin_q|HS", 0
"fmin_q|M", 0
"fmsub_q|U", 0
"fmsub_q|S", 0
"fmsub_q|HS", 0
"fmsub_q|M", 0
"fmul_q|U", 0
"fmul_q|S", 0
"fmul_q|HS", 0
"fmul_q|M", 0
"fnmadd_q|U", 0
"fnmadd_q|S", 0
"fnmadd_q|HS", 0
"fnmadd_q|M", 0
"fnmsub_q|U", 0
"fnmsub_q|S", 0
"fnmsub_q|HS", 0
"fnmsub_q|M", 0
"fsgnj_q|U", 0
"fsgnj_q|S", 0
"fsgnj_q|HS", 0
"fsgnj_q|M", 0
"fsgnjn_q|U", 0
"fsgnjn_q|S", 0
"fsgnjn_q|HS", 0
"fsgnjn_q|M", 0
"fsgnjx_q|U", 0
"fsgnjx_q|S", 0
"fsgnjx_q|HS", 0
"fsgnjx_q|M", 0
"fsq|U", 0
"fsq|S", 0
"fsq|HS", 0
"fsq|M", 0
"fsqrt_q|U", 0
"fsqrt_q|S", 0
"fsqrt_q|HS", 0
"fsqrt_q|M", 0
"fsub_q|U", 0
"fsub_q|S", 0
"fsub_q|HS", 0
"fsub_q|M", 0
"fli_q|U", 0
"fli_q|S", 0
"fli_q|HS", 0
"fli_q|M", 0
"fmaxm_q|U", 0
"fmaxm_q|S", 0
"fmaxm_q|HS", 0
"fmaxm_q|M", 0
"fminm_q|U", 0
"fminm_q|S", 0
"fminm_q|HS", 0
"fminm_q|M", 0
"fround_q|U", 0
"fround_q|S", 0
"fround_q|HS", 0
"fround_q|M", 0
"froundnx_q|U", 0
"froundnx_q|S", 0
"froundnx_q|HS", 0
"froundnx_q|M", 0
"fmvh_x_q|U", 0
"fmvh_x_q|S", 0
"fmvh_x_q|HS", 0
"fmvh_x_q|M", 0
"fmvp_q_x|U", 0
"fmvp_q_x|S", 0
"fmvp_q_x|HS", 0
"fmvp_q_x|M", 0
"fleq_q|U", 0
"fleq_q|S", 0
"fleq_q|HS", 0
"fleq_q|M", 0
"fltq_q|U", 0
"fltq_q|S", 0
"fltq_q|HS", 0
"fltq_q|M", 0
"amocas_w|U", 0
"amocas_w|S", 0
"amocas_w|HS", 0
"amocas_w|M", 0
"amocas_d|U", 0
"amocas_d|S", 0
"amocas_d|HS", 0
"amocas_d|M", 0
"amocas_q|U", 0
"amocas_q|S", 0
"amocas_q|HS", 0
"amocas_q|M", 0
"amoadd_b|U", 0
"amoadd_b|S", 0
"amoadd_b|HS", 0
"amoadd_b|M", 0
"amoand_b|U", 0
"amoand_b|S", 0
"amoand_b|HS", 0
"amoand_b|M", 0
"amomax_b|U", 0
"amomax_b|S", 0
"amomax_b|HS", 0
"amomax_b|M", 0
"amomaxu_b|U", 0
"amomaxu_b|S", 0
"amomaxu_b|HS", 0
"amomaxu_b|M", 0
"amomin_b|U", 0
"amomin_b|S", 0
"amomin_b|HS", 0
"amomin_b|M", 0
"amominu_b|U", 0
"amominu_b|S", 0
"amominu_b|HS", 0
"amominu_b|M", 0
"amoor_b|U", 0
"amoor_b|S", 0
"amoor_b|HS", 0
"amoor_b|M", 0
"amoswap_b|U", 0
"amoswap_b|S", 0
"amoswap_b|HS", 0
"amoswap_b|M", 0
"amoxor_b|U", 0
"amoxor_b|S", 0
"amoxor_b|HS", 0
"amoxor_b|M", 0
"amocas_b|U", 0
"amocas_b|S", 0
"amocas_b|HS", 0
"amocas_b|M", 0
"amoadd_h|U", 0
"amoadd_h|S", 0
"amoadd_h|HS", 0
"amoadd_h|M", 0
"amoand_h|U", 0
"amoand_h|S", 0
"amoand_h|HS", 0
"amoand_h|M", 0
"amomax_h|U", 0
"amomax_h|S", 0
"amomax_h|HS", 0
"amomax_h|M", 0
"amomaxu_h|U", 0
"amomaxu_h|S", 0
"amomaxu_h|HS", 0
"amomaxu_h|M", 0
"amomin_h|U", 0
"amomin_h|S", 0
"amomin_h|HS", 0
"amomin_h|M", 0
"amominu_h|U", 0
"amominu_h|S", 0
"amominu_h|HS", 0
"amominu_h|M", 0
"amoor_h|U", 0
"amoor_h|S", 0
"amoor_h|HS", 0
"amoor_h|M", 0
"amoswap_h|U", 0
"amoswap_h|S", 0
"amoswap_h|HS", 0
"amoswap_h|M", 0
"amoxor_h|U", 0
"amoxor_h|S", 0
"amoxor_h|HS", 0
"amoxor_h|M", 0
"amocas_h|U", 0
"amocas_h|S", 0
"amocas_h|HS", 0
"amocas_h|M", 0
"wrs_sto|U", 0
"wrs_sto|S", 0
"wrs_sto|HS", 0
"wrs_sto|M", 0
"wrs_nto|U", 0
"wrs_nto|S", 0
"wrs_nto|HS", 0
"wrs_nto|M", 0
"lb_aq|U", 0
"lb_aq|S", 0
"lb_aq|HS", 0
"lb_aq|M", 0
"lh_aq|U", 0
"lh_aq|S", 0
"lh_aq|HS", 0
"lh_aq|M", 0
"lw_aq|U", 0
"lw_aq|S", 0
"lw_aq|HS", 0
"lw_aq|M", 0
"ld_aq|U", 0
"ld_aq|S", 0
"ld_aq|HS", 0
"ld_aq|M", 0
"sb_rl|U", 0
"sb_rl|S", 0
"sb_rl|HS", 0
"sb_rl|M", 0
"sh_rl|U", 0
"sh_rl|S", 0
"sh_rl|HS", 0
"sh_rl|M", 0
"sw_rl|U", 0
"sw_rl|S", 0
"sw_rl|HS", 0
"sw_rl|M", 0
"sd_rl|U", 0
"sd_rl|S", 0
"sd_rl|HS", 0
"sd_rl|M", 0
"c_zext_b|U", 0
"c_zext_b|S", 0
"c_zext_b|HS", 0
"c_zext_b|M", 0
"c_zext_h|U", 0
"c_zext_h|S", 0
"c_zext_h|HS", 0
"c_zext_h|M", 0
"c_zext_w|U", 0
"c_zext_w|S", 0
"c_zext_w|HS", 0
"c_zext_w|M", 0
"c_sext_b|U", 0
"c_sext_b|S", 0
"c_sext_b|HS", 0
"c_sext_b|M", 0
"c_sext_h|U", 0
"c_sext_h|S", 0
"c_sext_h|HS", 0
"c_sext_h|M", 0
"c_not|U", 0
"c_not|S", 0
"c_not|HS", 0
"c_not|M", 0
"c_mul|U", 0
"c_mul|S", 0
"c_mul|HS", 0
"c_mul|M", 0
"c_lbu|U", 0
"c_lbu|S", 0
"c_lbu|HS", 0
"c_lbu|M", 0
"c_lhu|U", 0
"c_lhu|S", 0
"c_lhu|HS", 0
"c_lhu|M", 0
"c_lh|U", 0
"c_lh|S", 0
"c_lh|HS", 0
"c_lh|M", 0
"c_sb|U", 0
"c_sb|S", 0
"c_sb|HS", 0
"c_sb|M", 0
"c_sh|U", 0
"c_sh|S", 0
"c_sh|HS", 0
"c_sh|M", 0
"cm_push|U", 0
"cm_push|S", 0
"cm_push|HS", 0
"cm_push|M", 0
"cm_pop|U", 0
"cm_pop|S", 0
"cm_pop|HS", 0
"cm_pop|M", 0
"cm_popret|U", 0
"cm_popret|S", 0
"cm_popret|HS", 0
"cm_popret|M", 0
"cm_popretz|U", 0
"cm_popretz|S", 0
"cm_popretz|HS", 0
"cm_popretz|M", 0
"cm_mva01s|U", 0
"cm_mva01s|S", 0
"cm_mva01s|HS", 0
"cm_mva01s|M", 0
"cm_mvsa01|U", 0
"cm_mvsa01|S", 0
"cm_mvsa01|HS", 0
"cm_mvsa01|M", 0
"cm_jalt|U", 0
"cm_jalt|S", 0
"cm_jalt|HS", 0
"cm_jalt|M", 0
"fadd_h|U", 0
"fadd_h|S", 0
"fadd_h|HS", 0
"fadd_h|M", 0
"fclass_h|U", 0
"fclass_h|S", 0
"fclass_h|HS", 0
"fclass_h|M", 0
"fcvt_l_h|U", 0
"fcvt_l_h|S", 0
"fcvt_l_h|HS", 0
"fcvt_l_h|M", 0
"fcvt_lu_h|U", 0
"fcvt_lu_h|S", 0
"fcvt_lu_h|HS", 0
"fcvt_lu_h|M", 0
"fcvt_d_h|U", 0
"fcvt_d_h|S", 0
"fcvt_d_h|HS", 0
"fcvt_d_h|M", 0
"fcvt_h_d|U", 0
"fcvt_h_d|S", 0
"fcvt_h_d|HS", 0
"fcvt_h_d|M", 0
"fcvt_h_l|U", 0
"fcvt_h_l|S", 0
"fcvt_h_l|HS", 0
"fcvt_h_l|M", 0
"fcvt_h_lu|U", 0
"fcvt_h_lu|S", 0
"fcvt_h_lu|HS", 0
"fcvt_h_lu|M", 0
"fcvt_h_q|U", 0
"fcvt_h_q|S", 0
"fcvt_h_q|HS", 0
"fcvt_h_q|M", 0
"fcvt_h_s|U", 0
"fcvt_h_s|S", 0
"fcvt_h_s|HS", 0
"fcvt_h_s|M", 0
"fcvt_h_w|U", 0
"fcvt_h_w|S", 0
"fcvt_h_w|HS", 0
"fcvt_h_w|M", 0
"fcvt_h_wu|U", 0
"fcvt_h_wu|S", 0
"fcvt_h_wu|HS", 0
"fcvt_h_wu|M", 0
"fcvt_q_h|U", 0
"fcvt_q_h|S", 0
"fcvt_q_h|HS", 0
"fcvt_q_h|M", 0
"fcvt_s_h|U", 0
"fcvt_s_h|S", 0
"fcvt_s_h|HS", 0
"fcvt_s_h|M", 0
"fcvt_w_h|U", 0
"fcvt_w_h|S", 0
"fcvt_w_h|HS", 0
"fcvt_w_h|M", 0
"fcvt_wu_h|U", 0
"fcvt_wu_h|S", 0
"fcvt_wu_h|HS", 0
"fcvt_wu_h|M", 0
"fdiv_h|U", 0
"fdiv_h|S", 0
"fdiv_h|HS", 0
"fdiv_h|M", 0
"feq_h|U", 0
"feq_h|S", 0
"feq_h|HS", 0
"feq_h|M", 0
"fle_h|U", 0
"fle_h|S", 0
"fle_h|HS", 0
"fle_h|M", 0
"flh|U", 0
"flh|S", 0
"flh|HS", 0
"flh|M", 0
"flt_h|U", 0
"flt_h|S", 0
"flt_h|HS", 0
"flt_h|M", 0
"fmadd_h|U", 0
"fmadd_h|S", 0
"fmadd_h|HS", 0
"fmadd_h|M", 0
"fmax_h|U", 0
"fmax_h|S", 0
"fmax_h|HS", 0
"fmax_h|M", 0
"fmin_h|U", 0
"fmin_h|S", 0
"fmin_h|HS", 0
"fmin_h|M", 0
"fmsub_h|U", 0
"fmsub_h|S", 0
"fmsub_h|HS", 0
"fmsub_h|M", 0
"fmul_h|U", 0
"fmul_h|S", 0
"fmul_h|HS", 0
"fmul_h|M", 0
"fmv_h_x|U", 0
"fmv_h_x|S", 0
"fmv_h_x|HS", 0
"fmv_h_x|M", 0
"fmv_x_h|U", 0
"fmv_x_h|S", 0
"fmv_x_h|HS", 0
"fmv_x_h|M", 0
"fnmadd_h|U", 0
"fnmadd_h|S", 0
"fnmadd_h|HS", 0
"fnmadd_h|M", 0
"fnmsub_h|U", 0
"fnmsub_h|S", 0
"fnmsub_h|HS", 0
"fnmsub_h|M", 0
"fsgnj_h|U", 0
"fsgnj_h|S", 0
"fsgnj_h|HS", 0
"fsgnj_h|M", 0
"fsgnjn_h|U", 0
"fsgnjn_h|S", 0
"fsgnjn_h|HS", 0
"fsgnjn_h|M", 0
"fsgnjx_h|U", 0
"fsgnjx_h|S", 0
"fsgnjx_h|HS", 0
"fsgnjx_h|M", 0
"fsh|U", 0
"fsh|S", 0
"fsh|HS", 0
"fsh|M", 0
"fsqrt_h|U", 0
"fsqrt_h|S", 0
"fsqrt_h|HS", 0
"fsqrt_h|M", 0
"fsub_h|U", 0
"fsub_h|S", 0
"fsub_h|HS", 0
"fsub_h|M", 0
"fli_h|U", 0
"fli_h|S", 0
"fli_h|HS", 0
"fli_h|M", 0
"fmaxm_h|U", 0
"fmaxm_h|S", 0
"fmaxm_h|HS", 0
"fmaxm_h|M", 0
"fminm_h|U", 0
"fminm_h|S", 0
"fminm_h|HS", 0
"fminm_h|M", 0
"fround_h|U", 0
"fround_h|S", 0
"fround_h|HS", 0
"fround_h|M", 0
"froundnx_h|U", 0
"froundnx_h|S", 0
"froundnx_h|HS", 0
"froundnx_h|M", 0
"fleq_h|U", 0
"fleq_h|S", 0
"fleq_h|HS", 0
"fleq_h|M", 0
"fltq_h|U", 0
"fltq_h|S", 0
"fltq_h|HS", 0
"fltq_h|M", 0
"czero_eqz|U", 0
"czero_eqz|S", 0
"czero_eqz|HS", 0
"czero_eqz|M", 0
"czero_nez|U", 0
"czero_nez|S", 0
"czero_nez|HS", 0
"czero_nez|M", 0
"vandn_vv|U", 0
"vandn_vv|S", 0
"vandn_vv|HS", 0
"vandn_vv|M", 0
"vandn_vx|U", 0
"vandn_vx|S", 0
"vandn_vx|HS", 0
"vandn_vx|M", 0
"vbrev8_v|U", 0
"vbrev8_v|S", 0
"vbrev8_v|HS", 0
"vbrev8_v|M", 0
"vbrev_v|U", 0
"vbrev_v|S", 0
"vbrev_v|HS", 0
"vbrev_v|M", 0
"vclz_v|U", 0
"vclz_v|S", 0
"vclz_v|HS", 0
"vclz_v|M", 0
"vcpop_v|U", 0
"vcpop_v|S", 0
"vcpop_v|HS", 0
"vcpop_v|M", 0
"vctz_v|U", 0
"vctz_v|S", 0
"vctz_v|HS", 0
"vctz_v|M", 0
"vrev8_v|U", 0
"vrev8_v|S", 0
"vrev8_v|HS", 0
"vrev8_v|M", 0
"vrol_vv|U", 0
"vrol_vv|S", 0
"vrol_vv|HS", 0
"vrol_vv|M", 0
"vrol_vx|U", 0
"vrol_vx|S", 0
"vrol_vx|HS", 0
"vrol_vx|M", 0
"vror_vi|U", 0
"vror_vi|S", 0
"vror_vi|HS", 0
"vror_vi|M", 0
"vror_vv|U", 0
"vror_vv|S", 0
"vror_vv|HS", 0
"vror_vv|M", 0
"vror_vx|U", 0
"vror_vx|S", 0
"vror_vx|HS", 0
"vror_vx|M", 0
"vwsll_vi|U", 0
"vwsll_vi|S", 0
"vwsll_vi|HS", 0
"vwsll_vi|M", 0
"vwsll_vv|U", 0
"vwsll_vv|S", 0
"vwsll_vv|HS", 0
"vwsll_vv|M", 0
"vwsll_vx|U", 0
"vwsll_vx|S", 0
"vwsll_vx|HS", 0
"vwsll_vx|M", 0
"vclmul_vv|U", 0
"vclmul_vv|S", 0
"vclmul_vv|HS", 0
"vclmul_vv|M", 0
"vclmul_vx|U", 0
"vclmul_vx|S", 0
"vclmul_vx|HS", 0
"vclmul_vx|M", 0
"vclmulh_vv|U", 0
"vclmulh_vv|S", 0
"vclmulh_vv|HS", 0
"vclmulh_vv|M", 0
"vclmulh_vx|U", 0
"vclmulh_vx|S", 0
"vclmulh_vx|HS", 0
"vclmulh_vx|M", 0
"vghsh_vv|U", 0
"vghsh_vv|S", 0
"vghsh_vv|HS", 0
"vghsh_vv|M", 0
"vgmul_vv|U", 0
"vgmul_vv|S", 0
"vgmul_vv|HS", 0
"vgmul_vv|M", 0
"vaesdf_vs|U", 0
"vaesdf_vs|S", 0
"vaesdf_vs|HS", 0
"vaesdf_vs|M", 0
"vaesdf_vv|U", 0
"vaesdf_vv|S", 0
"vaesdf_vv|HS", 0
"vaesdf_vv|M", 0
"vaesdm_vs|U", 0
"vaesdm_vs|S", 0
"vaesdm_vs|HS", 0
"vaesdm_vs|M", 0
"vaesdm_vv|U", 0
"vaesdm_vv|S", 0
"vaesdm_vv|HS", 0
"vaesdm_vv|M", 0
"vaesef_vs|U", 0
"vaesef_vs|S", 0
"vaesef_vs|HS", 0
"vaesef_vs|M", 0
"vaesef_vv|U", 0
"vaesef_vv|S", 0
"vaesef_vv|HS", 0
"vaesef_vv|M", 0
"vaesem_vs|U", 0
"vaesem_vs|S", 0
"vaesem_vs|HS", 0
"vaesem_vs|M", 0
"vaesem_vv|U", 0
"vaesem_vv|S", 0
"vaesem_vv|HS", 0
"vaesem_vv|M", 0
"vaeskf1_vi|U", 0
"vaeskf1_vi|S", 0
"vaeskf1_vi|HS", 0
"vaeskf1_vi|M", 0
"vaeskf2_vi|U", 0
"vaeskf2_vi|S", 0
"vaeskf2_vi|HS", 0
"vaeskf2_vi|M", 0
"vaesz_vs|U", 0
"vaesz_vs|S", 0
"vaesz_vs|HS", 0
"vaesz_vs|M", 0
"vsha2cl_vv|U", 0
"vsha2cl_vv|S", 0
"vsha2cl_vv|HS", 0
"vsha2cl_vv|M", 0
"vsha2ch_vv|U", 0
"vsha2ch_vv|S", 0
"vsha2ch_vv|HS", 0
"vsha2ch_vv|M", 0
"vsha2ms_vv|U", 0
"vsha2ms_vv|S", 0
"vsha2ms_vv|HS", 0
"vsha2ms_vv|M", 0
"vsm4k_vi|U", 0
"vsm4k_vi|S", 0
"vsm4k_vi|HS", 0
"vsm4k_vi|M", 0
"vsm4r_vs|U", 0
"vsm4r_vs|S", 0
"vsm4r_vs|HS", 0
"vsm4r_vs|M", 0
"vsm4r_vv|U", 0
"vsm4r_vv|S", 0
"vsm4r_vv|HS", 0
"vsm4r_vv|M", 0
"vsm3c_vi|U", 0
"vsm3c_vi|S", 0
"vsm3c_vi|HS", 0
"vsm3c_vi|M", 0
"vsm3me_vv|U", 0
"vsm3me_vv|S", 0
"vsm3me_vv|HS", 0
"vsm3me_vv|M", 0
"csrrc|U", 0
"csrrc|S", 0
"csrrc|HS", 0
"csrrc|M", 0
"csrrci|U", 0
"csrrci|S", 0
"csrrci|HS", 0
"csrrci|M", 0
"csrrs|U", 0
"csrrs|S", 0
"csrrs|HS", 0
"csrrs|M", 0
"csrrsi|U", 0
"csrrsi|S", 0
"csrrsi|HS", 0
"csrrsi|M", 0
"csrrw|U", 0
"csrrw|S", 0
"csrrw|HS", 0
"csrrw|M", 0
"csrrwi|U", 0
"csrrwi|S", 0
"csrrwi|HS", 0
"csrrwi|M", 0
"dret|U", 0
"dret|S", 0
"dret|HS", 0
"dret|M", 0
"ebreak|U", 0
"ebreak|S", 0
"ebreak|HS", 0
"ebreak|M", 0
"ecall|U", 0
"ecall|S", 0
"ecall|HS", 0
"ecall|M", 0
"mret|U", 0
"mret|S", 0
"mret|HS", 0
"mret|M", 0
"sfence_vma|U", 0
"sfence_vma|S", 0
"sfence_vma|HS", 0
"sfence_vma|M", 0
"sret|U", 0
"sret|S", 0
"sret|HS", 0
"sret|M", 0
"wfi|U", 0
"wfi|S", 0
"wfi|HS", 0
"wfi|M", 0
"mnret|U", 0
"mnret|S", 0
"mnret|HS", 0
"mnret|M", 0
"sfence_w_inval|U", 0
"sfence_w_inval|S", 0
"sfence_w_inval|HS", 0
"sfence_w_inval|M", 0
"sfence_inval_ir|U", 0
"sfence_inval_ir|S", 0
"sfence_inval_ir|HS", 0
"sfence_inval_ir|M", 0
"sinval_vma|U", 0
"sinval_vma|S", 0
"sinval_vma|HS", 0
"sinval_vma|M", 0
"hinval_vvma|U", 0
"hinval_vvma|S", 0
"hinval_vvma|HS", 0
"hinval_vvma|M", 0
"hinval_gvma|U", 0
"hinval_gvma|S", 0
"hinval_gvma|HS", 0
"hinval_gvma|M", 0
"mop_r_N|U", 0
"mop_r_N|S", 0
"mop_r_N|HS", 0
"mop_r_N|M", 0
"mop_rr_N|U", 0
"mop_rr_N|S", 0
"mop_rr_N|HS", 0
"mop_rr_N|M", 0
"c_mop_N|U", 0
"c_mop_N|S", 0
"c_mop_N|HS", 0
"c_mop_N|M", 0
"lpad|U", 0
"lpad|S", 0
"lpad|HS", 0
"lpad|M", 0
"sspush_x1|U", 0
"sspush_x1|S", 0
"sspush_x1|HS", 0
"sspush_x1|M", 0
"sspush_x5|U", 0
"sspush_x5|S", 0
"sspush_x5|HS", 0
"sspush_x5|M", 0
"sspopchk_x1|U", 0
"sspopchk_x1|S", 0
"sspopchk_x1|HS", 0
"sspopchk_x1|M", 0
"sspopchk_x5|U", 0
"sspopchk_x5|S", 0
"sspopchk_x5|HS", 0
"sspopchk_x5|M", 0
"ssrdp|U", 0
"ssrdp|S", 0
"ssrdp|HS", 0
"ssrdp|M", 0
"ssamoswap_w|U", 0
"ssamoswap_w|S", 0
"ssamoswap_w|HS", 0
"ssamoswap_w|M", 0
"ssamoswap_d|U", 0
"ssamoswap_d|S", 0
"ssamoswap_d|HS", 0
"ssamoswap_d|M", 0
"c_sspush_x1|U", 0
"c_sspush_x1|S", 0
"c_sspush_x1|HS", 0
"c_sspush_x1|M", 0
"c_sspopchk_x5|U", 0
"c_sspopchk_x5|S", 0
"c_sspopchk_x5|HS", 0
"c_sspopchk_x5|M", 0
